v_Bmp2,v_Dkk1,v_Fgf8,v_Foxc1_2,v_GATAs,v_Isl1,v_Mesp1,v_Nkx2_5,v_Tbx1,v_Tbx5,v_canWnt,v_exogen_BMP2_I,v_exogen_BMP2_II,v_exogen_CanWnt_I,v_exogen_canWnt_II,time,trajectory,isattractor
0,0,1,0,0,0,0,0,1,0,0,0,0,0,0,0,0,0
0,0,1,0,0,0,0,0,0,0,0,0,0,0,0,1,0,0
0,0,0,0,0,0,0,0,0,0,0,0,0,0,0,2,0,1
0,0,0,0,0,0,0,0,0,0,0,0,0,0,0,3,0,1
0,0,0,0,0,0,0,0,0,0,0,0,0,0,0,4,0,1
0,0,0,0,0,0,0,0,0,0,0,0,0,0,0,5,0,1
0,0,0,0,0,0,0,0,0,0,0,0,0,0,0,6,0,1
0,0,0,0,0,0,0,0,0,0,0,0,0,0,0,7,0,1
0,0,0,0,0,0,0,0,0,0,0,0,0,0,0,8,0,1
0,0,0,0,0,0,0,0,0,0,0,0,0,0,0,9,0,1
0,0,0,0,0,0,0,0,0,0,0,0,0,0,0,10,0,1
0,0,0,0,0,0,0,0,0,0,0,0,0,0,0,11,0,1
0,0,0,0,0,0,0,0,0,0,0,0,0,0,0,12,0,1
0,0,0,0,0,0,0,0,0,0,0,0,0,0,0,13,0,1
0,0,0,0,0,0,0,0,0,0,0,0,0,0,0,14,0,1
0,0,0,0,0,0,0,0,0,0,0,0,0,0,0,15,0,1
0,0,0,0,0,0,0,0,0,0,0,0,0,0,0,16,0,1
0,0,0,0,0,0,0,0,0,0,0,0,0,0,0,17,0,1
0,0,0,0,0,0,0,0,0,0,0,0,0,0,0,18,0,1
0,0,0,0,0,0,0,0,0,0,0,0,0,0,0,19,0,1
0,0,0,0,0,0,0,0,0,0,0,0,0,0,0,20,0,1
1,0,1,0,1,0,1,1,0,0,0,0,1,0,0,0,1,0
1,1,1,0,1,0,1,1,0,0,0,0,1,0,0,1,1,0
1,1,1,0,1,0,1,1,0,1,0,0,1,0,0,2,1,0
1,1,1,0,1,0,0,1,0,1,0,0,1,0,0,3,1,0
1,1,1,0,1,0,0,1,0,1,0,0,0,0,0,4,1,0
1,1,0,0,1,0,0,1,0,1,0,0,0,0,0,5,1,0
0,1,0,0,1,0,0,1,0,1,0,0,0,0,0,6,1,0
0,0,0,0,1,0,0,1,0,1,0,0,0,0,0,7,1,1
0,0,0,0,1,0,0,1,0,1,0,0,0,0,0,8,1,1
0,0,0,0,1,0,0,1,0,1,0,0,0,0,0,9,1,1
0,0,0,0,1,0,0,1,0,1,0,0,0,0,0,10,1,1
0,0,0,0,1,0,0,1,0,1,0,0,0,0,0,11,1,1
0,0,0,0,1,0,0,1,0,1,0,0,0,0,0,12,1,1
0,0,0,0,1,0,0,1,0,1,0,0,0,0,0,13,1,1
0,0,0,0,1,0,0,1,0,1,0,0,0,0,0,14,1,1
0,0,0,0,1,0,0,1,0,1,0,0,0,0,0,15,1,1
0,0,0,0,1,0,0,1,0,1,0,0,0,0,0,16,1,1
0,0,0,0,1,0,0,1,0,1,0,0,0,0,0,17,1,1
0,0,0,0,1,0,0,1,0,1,0,0,0,0,0,18,1,1
0,0,0,0,1,0,0,1,0,1,0,0,0,0,0,19,1,1
0,0,0,0,1,0,0,1,0,1,0,0,0,0,0,20,1,1
0,0,1,1,1,0,0,1,0,1,1,1,0,1,0,0,2,0
0,0,1,1,1,0,1,1,0,1,1,1,0,1,0,1,2,0
0,0,1,1,1,0,1,1,0,1,1,1,0,1,1,2,2,0
0,0,1,1,1,0,1,1,0,0,1,1,0,1,1,3,2,0
0,0,1,1,1,1,1,1,0,0,1,1,0,1,1,4,2,0
0,0,1,1,1,1,1,1,0,0,1,1,1,1,1,5,2,0
0,0,1,1,1,1,1,1,1,0,1,1,1,1,1,6,2,0
0,0,0,1,1,1,1,1,1,0,1,1,1,1,1,7,2,0
0,1,0,1,1,1,1,1,1,0,1,1,1,1,1,8,2,0
0,1,0,1,1,1,0,1,1,0,1,1,1,1,1,9,2,0
0,1,1,1,1,1,0,1,1,0,1,1,1,1,1,10,2,0
0,0,1,1,1,1,0,1,1,0,1,1,1,1,1,11,2,1
0,0,1,1,1,1,0,1,1,0,1,1,1,1,1,12,2,1
0,0,1,1,1,1,0,1,1,0,1,1,1,1,1,13,2,1
0,0,1,1,1,1,0,1,1,0,1,1,1,1,1,14,2,1
0,0,1,1,1,1,0,1,1,0,1,1,1,1,1,15,2,1
0,0,1,1,1,1,0,1,1,0,1,1,1,1,1,16,2,1
0,0,1,1,1,1,0,1,1,0,1,1,1,1,1,17,2,1
0,0,1,1,1,1,0,1,1,0,1,1,1,1,1,18,2,1
0,0,1,1,1,1,0,1,1,0,1,1,1,1,1,19,2,1
0,0,1,1,1,1,0,1,1,0,1,1,1,1,1,20,2,1
1,0,0,1,1,0,1,1,0,1,0,1,0,0,1,0,3,0
1,0,0,1,1,0,1,1,0,1,0,1,0,0,0,1,3,0
1,0,0,1,1,0,0,1,0,1,0,1,0,0,0,2,3,0
1,0,1,1,1,0,0,1,0,1,0,1,0,0,0,3,3,0
1,0,1,0,1,0,0,1,0,1,0,1,0,0,0,4,3,0
1,0,1,0,1,1,0,1,0,1,0,1,0,0,0,5,3,0
0,0,1,0,1,1,0,1,0,1,0,1,0,0,0,6,3,0
0,0,0,0,1,1,0,1,0,1,0,1,0,0,0,7,3,0
0,0,0,0,1,1,0,1,0,1,0,1,1,0,0,8,3,0
0,0,0,0,1,0,0,1,0,1,0,1,1,0,0,9,3,0
1,0,0,0,1,0,0,1,0,1,0,1,1,0,0,10,3,1
1,0,0,0,1,0,0,1,0,1,0,1,1,0,0,11,3,1
1,0,0,0,1,0,0,1,0,1,0,1,1,0,0,12,3,1
1,0,0,0,1,0,0,1,0,1,0,1,1,0,0,13,3,1
1,0,0,0,1,0,0,1,0,1,0,1,1,0,0,14,3,1
1,0,0,0,1,0,0,1,0,1,0,1,1,0,0,15,3,1
1,0,0,0,1,0,0,1,0,1,0,1,1,0,0,16,3,1
1,0,0,0,1,0,0,1,0,1,0,1,1,0,0,17,3,1
1,0,0,0,1,0,0,1,0,1,0,1,1,0,0,18,3,1
1,0,0,0,1,0,0,1,0,1,0,1,1,0,0,19,3,1
1,0,0,0,1,0,0,1,0,1,0,1,1,0,0,20,3,1
0,0,1,0,1,1,0,0,1,1,1,1,1,0,0,0,4,0
0,0,1,0,1,1,0,0,0,1,1,1,1,0,0,1,4,0
0,0,0,0,1,1,0,0,0,1,1,1,1,0,0,2,4,0
0,0,0,0,1,1,0,0,0,0,1,1,1,0,0,3,4,0
0,0,0,0,0,1,0,0,0,0,1,1,1,0,0,4,4,0
0,0,0,0,0,0,0,0,0,0,1,1,1,0,0,5,4,0
0,0,0,0,0,0,0,0,0,0,0,1,1,0,0,6,4,0
1,0,0,0,0,0,0,0,0,0,0,1,1,0,0,7,4,1
1,0,0,0,0,0,0,0,0,0,0,1,1,0,0,8,4,1
1,0,0,0,0,0,0,0,0,0,0,1,1,0,0,9,4,1
1,0,0,0,0,0,0,0,0,0,0,1,1,0,0,10,4,1
1,0,0,0,0,0,0,0,0,0,0,1,1,0,0,11,4,1
1,0,0,0,0,0,0,0,0,0,0,1,1,0,0,12,4,1
1,0,0,0,0,0,0,0,0,0,0,1,1,0,0,13,4,1
1,0,0,0,0,0,0,0,0,0,0,1,1,0,0,14,4,1
1,0,0,0,0,0,0,0,0,0,0,1,1,0,0,15,4,1
1,0,0,0,0,0,0,0,0,0,0,1,1,0,0,16,4,1
1,0,0,0,0,0,0,0,0,0,0,1,1,0,0,17,4,1
1,0,0,0,0,0,0,0,0,0,0,1,1,0,0,18,4,1
1,0,0,0,0,0,0,0,0,0,0,1,1,0,0,19,4,1
1,0,0,0,0,0,0,0,0,0,0,1,1,0,0,20,4,1
0,1,1,0,0,0,1,1,1,1,1,0,0,0,1,0,5,0
0,1,1,0,0,0,1,1,1,0,1,0,0,0,1,1,5,0
0,1,1,0,1,0,1,1,1,0,1,0,0,0,1,2,5,0
0,1,0,0,1,0,1,1,1,0,1,0,0,0,1,3,5,0
0,1,0,0,1,1,1,1,1,0,1,0,0,0,1,4,5,0
0,1,0,1,1,1,1,1,1,0,1,0,0,0,1,5,5,0
0,1,0,1,1,1,1,1,1,0,1,0,0,0,0,6,5,0
0,1,0,1,1,1,1,1,1,0,0,0,0,0,0,7,5,0
0,1,0,0,1,1,1,1,1,0,0,0,0,0,0,8,5,0
0,1,0,0,1,1,1,1,0,0,0,0,0,0,0,9,5,0
0,1,0,0,1,1,0,1,0,0,0,0,0,0,0,10,5,0
0,1,0,0,1,0,0,1,0,0,0,0,0,0,0,11,5,0
0,1,0,0,1,0,0,0,0,0,0,0,0,0,0,12,5,0
0,0,0,0,1,0,0,0,0,0,0,0,0,0,0,13,5,0
0,0,0,0,0,0,0,0,0,0,0,0,0,0,0,14,5,1
0,0,0,0,0,0,0,0,0,0,0,0,0,0,0,15,5,1
0,0,0,0,0,0,0,0,0,0,0,0,0,0,0,16,5,1
0,0,0,0,0,0,0,0,0,0,0,0,0,0,0,17,5,1
0,0,0,0,0,0,0,0,0,0,0,0,0,0,0,18,5,1
0,0,0,0,0,0,0,0,0,0,0,0,0,0,0,19,5,1
0,0,0,0,0,0,0,0,0,0,0,0,0,0,0,20,5,1
0,1,1,1,0,1,0,0,1,0,1,1,1,1,1,0,6,0
0,1,1,1,0,1,0,1,1,0,1,1,1,1,1,1,6,0
0,0,1,1,0,1,0,1,1,0,1,1,1,1,1,2,6,0
0,0,1,1,1,1,0,1,1,0,1,1,1,1,1,3,6,1
0,0,1,1,1,1,0,1,1,0,1,1,1,1,1,4,6,1
0,0,1,1,1,1,0,1,1,0,1,1,1,1,1,5,6,1
0,0,1,1,1,1,0,1,1,0,1,1,1,1,1,6,6,1
0,0,1,1,1,1,0,1,1,0,1,1,1,1,1,7,6,1
0,0,1,1,1,1,0,1,1,0,1,1,1,1,1,8,6,1
0,0,1,1,1,1,0,1,1,0,1,1,1,1,1,9,6,1
0,0,1,1,1,1,0,1,1,0,1,1,1,1,1,10,6,1
0,0,1,1,1,1,0,1,1,0,1,1,1,1,1,11,6,1
0,0,1,1,1,1,0,1,1,0,1,1,1,1,1,12,6,1
0,0,1,1,1,1,0,1,1,0,1,1,1,1,1,13,6,1
0,0,1,1,1,1,0,1,1,0,1,1,1,1,1,14,6,1
0,0,1,1,1,1,0,1,1,0,1,1,1,1,1,15,6,1
0,0,1,1,1,1,0,1,1,0,1,1,1,1,1,16,6,1
0,0,1,1,1,1,0,1,1,0,1,1,1,1,1,17,6,1
0,0,1,1,1,1,0,1,1,0,1,1,1,1,1,18,6,1
0,0,1,1,1,1,0,1,1,0,1,1,1,1,1,19,6,1
0,0,1,1,1,1,0,1,1,0,1,1,1,1,1,20,6,1
0,0,0,1,1,1,0,1,0,1,1,0,1,1,1,0,7,0
0,0,1,1,1,1,0,1,0,1,1,0,1,1,1,1,7,0
0,0,1,1,1,1,0,1,1,1,1,0,1,1,1,2,7,0
0,0,1,1,1,1,0,1,1,1,1,0,0,1,1,3,7,0
0,0,1,1,1,1,0,1,1,0,1,0,0,1,1,4,7,0
0,1,1,1,1,1,0,1,1,0,1,0,0,1,1,5,7,0
0,1,1,1,1,1,1,1,1,0,1,0,0,1,1,6,7,0
0,1,0,1,1,1,1,1,1,0,1,0,0,1,1,7,7,1
0,1,0,1,1,1,1,1,1,0,1,0,0,1,1,8,7,1
0,1,0,1,1,1,1,1,1,0,1,0,0,1,1,9,7,1
0,1,0,1,1,1,1,1,1,0,1,0,0,1,1,10,7,1
0,1,0,1,1,1,1,1,1,0,1,0,0,1,1,11,7,1
0,1,0,1,1,1,1,1,1,0,1,0,0,1,1,12,7,1
0,1,0,1,1,1,1,1,1,0,1,0,0,1,1,13,7,1
0,1,0,1,1,1,1,1,1,0,1,0,0,1,1,14,7,1
0,1,0,1,1,1,1,1,1,0,1,0,0,1,1,15,7,1
0,1,0,1,1,1,1,1,1,0,1,0,0,1,1,16,7,1
0,1,0,1,1,1,1,1,1,0,1,0,0,1,1,17,7,1
0,1,0,1,1,1,1,1,1,0,1,0,0,1,1,18,7,1
0,1,0,1,1,1,1,1,1,0,1,0,0,1,1,19,7,1
0,1,0,1,1,1,1,1,1,0,1,0,0,1,1,20,7,1
0,1,0,0,0,1,1,0,1,0,1,1,1,0,0,0,8,0
0,1,0,0,0,1,1,0,0,0,1,1,1,0,0,1,8,0
0,1,0,0,0,1,1,1,0,0,1,1,1,0,0,2,8,0
0,1,0,0,1,1,1,1,0,0,1,1,1,0,0,3,8,0
0,1,0,0,1,1,0,1,0,0,1,1,1,0,0,4,8,0
0,1,0,0,1,0,0,1,0,0,1,1,1,0,0,5,8,0
0,0,0,0,1,0,0,1,0,0,1,1,1,0,0,6,8,0
0,0,0,0,1,0,0,1,0,0,0,1,1,0,0,7,8,0
1,0,0,0,1,0,0,1,0,0,0,1,1,0,0,8,8,0
1,0,0,0,1,0,0,1,0,1,0,1,1,0,0,9,8,1
1,0,0,0,1,0,0,1,0,1,0,1,1,0,0,10,8,1
1,0,0,0,1,0,0,1,0,1,0,1,1,0,0,11,8,1
1,0,0,0,1,0,0,1,0,1,0,1,1,0,0,12,8,1
1,0,0,0,1,0,0,1,0,1,0,1,1,0,0,13,8,1
1,0,0,0,1,0,0,1,0,1,0,1,1,0,0,14,8,1
1,0,0,0,1,0,0,1,0,1,0,1,1,0,0,15,8,1
1,0,0,0,1,0,0,1,0,1,0,1,1,0,0,16,8,1
1,0,0,0,1,0,0,1,0,1,0,1,1,0,0,17,8,1
1,0,0,0,1,0,0,1,0,1,0,1,1,0,0,18,8,1
1,0,0,0,1,0,0,1,0,1,0,1,1,0,0,19,8,1
1,0,0,0,1,0,0,1,0,1,0,1,1,0,0,20,8,1
1,1,0,1,0,0,0,1,1,0,0,0,0,1,0,0,9,0
1,0,0,1,0,0,0,1,1,0,0,0,0,1,0,1,9,0
1,0,0,1,0,0,0,1,1,0,0,0,0,1,1,2,9,0
1,0,0,0,0,0,0,1,1,0,0,0,0,1,1,3,9,0
1,0,0,0,0,1,0,1,1,0,0,0,0,1,1,4,9,0
1,0,1,0,0,1,0,1,1,0,0,0,0,1,1,5,9,0
1,0,1,0,0,1,0,1,0,0,0,0,0,1,1,6,9,0
1,0,0,0,0,1,0,1,0,0,0,0,0,1,1,7,9,0
1,0,0,0,0,1,0,1,0,0,1,0,0,1,1,8,9,0
0,0,0,0,0,1,0,1,0,0,1,0,0,1,1,9,9,0
0,0,0,0,0,1,1,1,0,0,1,0,0,1,1,10,9,0
0,1,0,0,0,1,1,1,0,0,1,0,0,1,1,11,9,0
0,1,0,0,1,1,1,1,0,0,1,0,0,1,1,12,9,0
0,1,0,1,1,1,1,1,0,0,1,0,0,1,1,13,9,0
0,1,0,1,1,1,1,1,1,0,1,0,0,1,1,14,9,1
0,1,0,1,1,1,1,1,1,0,1,0,0,1,1,15,9,1
0,1,0,1,1,1,1,1,1,0,1,0,0,1,1,16,9,1
0,1,0,1,1,1,1,1,1,0,1,0,0,1,1,17,9,1
0,1,0,1,1,1,1,1,1,0,1,0,0,1,1,18,9,1
0,1,0,1,1,1,1,1,1,0,1,0,0,1,1,19,9,1
0,1,0,1,1,1,1,1,1,0,1,0,0,1,1,20,9,1
0,1,1,1,0,1,1,1,1,0,0,1,0,1,0,0,10,0
0,1,0,1,0,1,1,1,1,0,0,1,0,1,0,1,10,0
0,1,0,1,0,1,1,1,1,0,0,1,0,1,1,2,10,0
0,1,0,1,0,1,1,1,1,0,1,1,0,1,1,3,10,0
0,1,0,1,0,1,1,1,1,0,1,1,1,1,1,4,10,0
0,1,0,1,0,1,0,1,1,0,1,1,1,1,1,5,10,0
0,1,1,1,0,1,0,1,1,0,1,1,1,1,1,6,10,0
0,0,1,1,0,1,0,1,1,0,1,1,1,1,1,7,10,0
0,0,1,1,1,1,0,1,1,0,1,1,1,1,1,8,10,1
0,0,1,1,1,1,0,1,1,0,1,1,1,1,1,9,10,1
0,0,1,1,1,1,0,1,1,0,1,1,1,1,1,10,10,1
0,0,1,1,1,1,0,1,1,0,1,1,1,1,1,11,10,1
0,0,1,1,1,1,0,1,1,0,1,1,1,1,1,12,10,1
0,0,1,1,1,1,0,1,1,0,1,1,1,1,1,13,10,1
0,0,1,1,1,1,0,1,1,0,1,1,1,1,1,14,10,1
0,0,1,1,1,1,0,1,1,0,1,1,1,1,1,15,10,1
0,0,1,1,1,1,0,1,1,0,1,1,1,1,1,16,10,1
0,0,1,1,1,1,0,1,1,0,1,1,1,1,1,17,10,1
0,0,1,1,1,1,0,1,1,0,1,1,1,1,1,18,10,1
0,0,1,1,1,1,0,1,1,0,1,1,1,1,1,19,10,1
0,0,1,1,1,1,0,1,1,0,1,1,1,1,1,20,10,1
1,1,1,1,1,1,0,0,1,1,0,1,1,0,1,0,11,0
1,1,1,1,1,1,0,1,1,1,0,1,1,0,1,1,11,0
1,1,1,0,1,1,0,1,1,1,0,1,1,0,1,2,11,0
1,1,1,0,1,1,0,1,1,1,1,1,1,0,1,3,11,0
1,1,1,0,1,1,0,1,1,0,1,1,1,0,1,4,11,0
1,1,1,0,1,1,0,1,1,0,1,1,1,0,0,5,11,0
1,1,1,0,1,1,0,1,0,0,1,1,1,0,0,6,11,0
1,1,1,0,1,1,0,1,0,0,0,1,1,0,0,7,11,0
1,1,0,0,1,1,0,1,0,0,0,1,1,0,0,8,11,0
1,1,0,0,1,0,0,1,0,0,0,1,1,0,0,9,11,0
1,0,0,0,1,0,0,1,0,0,0,1,1,0,0,10,11,0
1,0,0,0,1,0,0,1,0,1,0,1,1,0,0,11,11,1
1,0,0,0,1,0,0,1,0,1,0,1,1,0,0,12,11,1
1,0,0,0,1,0,0,1,0,1,0,1,1,0,0,13,11,1
1,0,0,0,1,0,0,1,0,1,0,1,1,0,0,14,11,1
1,0,0,0,1,0,0,1,0,1,0,1,1,0,0,15,11,1
1,0,0,0,1,0,0,1,0,1,0,1,1,0,0,16,11,1
1,0,0,0,1,0,0,1,0,1,0,1,1,0,0,17,11,1
1,0,0,0,1,0,0,1,0,1,0,1,1,0,0,18,11,1
1,0,0,0,1,0,0,1,0,1,0,1,1,0,0,19,11,1
1,0,0,0,1,0,0,1,0,1,0,1,1,0,0,20,11,1
0,0,0,0,1,0,1,1,0,1,1,1,0,0,0,0,12,0
0,1,0,0,1,0,1,1,0,1,1,1,0,0,0,1,12,0
0,1,0,0,1,0,1,1,0,1,1,1,1,0,0,2,12,0
0,1,0,0,1,0,0,1,0,1,1,1,1,0,0,3,12,0
0,0,0,0,1,0,0,1,0,1,1,1,1,0,0,4,12,0
0,0,0,0,1,0,0,1,0,1,0,1,1,0,0,5,12,0
1,0,0,0,1,0,0,1,0,1,0,1,1,0,0,6,12,1
1,0,0,0,1,0,0,1,0,1,0,1,1,0,0,7,12,1
1,0,0,0,1,0,0,1,0,1,0,1,1,0,0,8,12,1
1,0,0,0,1,0,0,1,0,1,0,1,1,0,0,9,12,1
1,0,0,0,1,0,0,1,0,1,0,1,1,0,0,10,12,1
1,0,0,0,1,0,0,1,0,1,0,1,1,0,0,11,12,1
1,0,0,0,1,0,0,1,0,1,0,1,1,0,0,12,12,1
1,0,0,0,1,0,0,1,0,1,0,1,1,0,0,13,12,1
1,0,0,0,1,0,0,1,0,1,0,1,1,0,0,14,12,1
1,0,0,0,1,0,0,1,0,1,0,1,1,0,0,15,12,1
1,0,0,0,1,0,0,1,0,1,0,1,1,0,0,16,12,1
1,0,0,0,1,0,0,1,0,1,0,1,1,0,0,17,12,1
1,0,0,0,1,0,0,1,0,1,0,1,1,0,0,18,12,1
1,0,0,0,1,0,0,1,0,1,0,1,1,0,0,19,12,1
1,0,0,0,1,0,0,1,0,1,0,1,1,0,0,20,12,1
1,1,0,1,1,0,1,0,1,1,1,0,0,0,0,0,13,0
1,1,0,1,1,0,1,1,1,1,1,0,0,0,0,1,13,0
1,1,0,0,1,0,1,1,1,1,1,0,0,0,0,2,13,0
1,1,0,0,1,1,1,1,1,1,1,0,0,0,0,3,13,0
0,1,0,0,1,1,1,1,1,1,1,0,0,0,0,4,13,0
0,1,0,0,1,1,1,1,1,0,1,0,0,0,0,5,13,0
0,1,0,0,1,1,1,1,1,0,0,0,0,0,0,6,13,0
0,1,0,0,1,1,1,1,0,0,0,0,0,0,0,7,13,0
0,1,0,0,1,1,1,1,0,1,0,0,0,0,0,8,13,0
0,1,0,0,1,1,0,1,0,1,0,0,0,0,0,9,13,0
0,0,0,0,1,1,0,1,0,1,0,0,0,0,0,10,13,0
0,0,0,0,1,0,0,1,0,1,0,0,0,0,0,11,13,1
0,0,0,0,1,0,0,1,0,1,0,0,0,0,0,12,13,1
0,0,0,0,1,0,0,1,0,1,0,0,0,0,0,13,13,1
0,0,0,0,1,0,0,1,0,1,0,0,0,0,0,14,13,1
0,0,0,0,1,0,0,1,0,1,0,0,0,0,0,15,13,1
0,0,0,0,1,0,0,1,0,1,0,0,0,0,0,16,13,1
0,0,0,0,1,0,0,1,0,1,0,0,0,0,0,17,13,1
0,0,0,0,1,0,0,1,0,1,0,0,0,0,0,18,13,1
0,0,0,0,1,0,0,1,0,1,0,0,0,0,0,19,13,1
0,0,0,0,1,0,0,1,0,1,0,0,0,0,0,20,13,1
1,0,1,0,1,1,1,0,1,1,1,0,1,0,0,0,14,0
1,0,1,0,1,1,1,0,1,0,1,0,1,0,0,1,14,0
0,0,1,0,1,1,1,0,1,0,1,0,1,0,0,2,14,0
0,1,1,0,1,1,1,0,1,0,1,0,1,0,0,3,14,0
0,1,1,0,1,1,1,0,1,0,1,0,0,0,0,4,14,0
0,1,1,0,1,1,1,0,1,0,0,0,0,0,0,5,14,0
0,1,1,0,1,1,0,0,1,0,0,0,0,0,0,6,14,0
0,1,1,0,1,1,0,0,0,0,0,0,0,0,0,7,14,0
0,1,0,0,1,1,0,0,0,0,0,0,0,0,0,8,14,0
0,0,0,0,1,1,0,0,0,0,0,0,0,0,0,9,14,0
0,0,0,0,1,0,0,0,0,0,0,0,0,0,0,10,14,0
0,0,0,0,0,0,0,0,0,0,0,0,0,0,0,11,14,1
0,0,0,0,0,0,0,0,0,0,0,0,0,0,0,12,14,1
0,0,0,0,0,0,0,0,0,0,0,0,0,0,0,13,14,1
0,0,0,0,0,0,0,0,0,0,0,0,0,0,0,14,14,1
0,0,0,0,0,0,0,0,0,0,0,0,0,0,0,15,14,1
0,0,0,0,0,0,0,0,0,0,0,0,0,0,0,16,14,1
0,0,0,0,0,0,0,0,0,0,0,0,0,0,0,17,14,1
0,0,0,0,0,0,0,0,0,0,0,0,0,0,0,18,14,1
0,0,0,0,0,0,0,0,0,0,0,0,0,0,0,19,14,1
0,0,0,0,0,0,0,0,0,0,0,0,0,0,0,20,14,1
0,1,0,0,1,0,0,0,0,0,0,0,0,0,0,0,15,0
0,1,0,0,0,0,0,0,0,0,0,0,0,0,0,1,15,0
0,0,0,0,0,0,0,0,0,0,0,0,0,0,0,2,15,1
0,0,0,0,0,0,0,0,0,0,0,0,0,0,0,3,15,1
0,0,0,0,0,0,0,0,0,0,0,0,0,0,0,4,15,1
0,0,0,0,0,0,0,0,0,0,0,0,0,0,0,5,15,1
0,0,0,0,0,0,0,0,0,0,0,0,0,0,0,6,15,1
0,0,0,0,0,0,0,0,0,0,0,0,0,0,0,7,15,1
0,0,0,0,0,0,0,0,0,0,0,0,0,0,0,8,15,1
0,0,0,0,0,0,0,0,0,0,0,0,0,0,0,9,15,1
0,0,0,0,0,0,0,0,0,0,0,0,0,0,0,10,15,1
0,0,0,0,0,0,0,0,0,0,0,0,0,0,0,11,15,1
0,0,0,0,0,0,0,0,0,0,0,0,0,0,0,12,15,1
0,0,0,0,0,0,0,0,0,0,0,0,0,0,0,13,15,1
0,0,0,0,0,0,0,0,0,0,0,0,0,0,0,14,15,1
0,0,0,0,0,0,0,0,0,0,0,0,0,0,0,15,15,1
0,0,0,0,0,0,0,0,0,0,0,0,0,0,0,16,15,1
0,0,0,0,0,0,0,0,0,0,0,0,0,0,0,17,15,1
0,0,0,0,0,0,0,0,0,0,0,0,0,0,0,18,15,1
0,0,0,0,0,0,0,0,0,0,0,0,0,0,0,19,15,1
0,0,0,0,0,0,0,0,0,0,0,0,0,0,0,20,15,1
0,0,1,1,1,0,1,0,1,1,0,1,1,1,0,0,16,0
0,0,1,1,1,0,1,1,1,1,0,1,1,1,0,1,16,0
0,0,0,1,1,0,1,1,1,1,0,1,1,1,0,2,16,0
0,0,0,1,1,0,1,1,1,0,0,1,1,1,0,3,16,0
0,0,0,1,1,0,0,1,1,0,0,1,1,1,0,4,16,0
0,0,0,0,1,0,0,1,1,0,0,1,1,1,0,5,16,0
0,0,0,0,1,0,0,1,1,0,0,1,1,1,1,6,16,0
0,0,0,0,1,0,0,1,1,0,1,1,1,1,1,7,16,0
0,0,0,0,1,0,0,1,0,0,1,1,1,1,1,8,16,0
0,0,0,0,1,1,0,1,0,0,1,1,1,1,1,9,16,0
0,0,0,1,1,1,0,1,0,0,1,1,1,1,1,10,16,0
0,0,0,1,1,1,0,1,1,0,1,1,1,1,1,11,16,0
0,0,1,1,1,1,0,1,1,0,1,1,1,1,1,12,16,1
0,0,1,1,1,1,0,1,1,0,1,1,1,1,1,13,16,1
0,0,1,1,1,1,0,1,1,0,1,1,1,1,1,14,16,1
0,0,1,1,1,1,0,1,1,0,1,1,1,1,1,15,16,1
0,0,1,1,1,1,0,1,1,0,1,1,1,1,1,16,16,1
0,0,1,1,1,1,0,1,1,0,1,1,1,1,1,17,16,1
0,0,1,1,1,1,0,1,1,0,1,1,1,1,1,18,16,1
0,0,1,1,1,1,0,1,1,0,1,1,1,1,1,19,16,1
0,0,1,1,1,1,0,1,1,0,1,1,1,1,1,20,16,1
0,1,1,0,1,0,1,1,1,1,1,0,0,0,0,0,17,0
0,1,1,0,1,0,1,1,1,0,1,0,0,0,0,1,17,0
0,1,1,0,1,0,1,1,1,0,0,0,0,0,0,2,17,0
0,1,1,0,1,1,1,1,1,0,0,0,0,0,0,3,17,0
0,1,1,0,1,1,1,1,0,0,0,0,0,0,0,4,17,0
0,1,1,0,1,1,0,1,0,0,0,0,0,0,0,5,17,0
0,1,0,0,1,1,0,1,0,0,0,0,0,0,0,6,17,0
0,1,0,0,1,0,0,1,0,0,0,0,0,0,0,7,17,0
0,0,0,0,1,0,0,1,0,0,0,0,0,0,0,8,17,0
0,0,0,0,1,0,0,0,0,0,0,0,0,0,0,9,17,0
0,0,0,0,0,0,0,0,0,0,0,0,0,0,0,10,17,1
0,0,0,0,0,0,0,0,0,0,0,0,0,0,0,11,17,1
0,0,0,0,0,0,0,0,0,0,0,0,0,0,0,12,17,1
0,0,0,0,0,0,0,0,0,0,0,0,0,0,0,13,17,1
0,0,0,0,0,0,0,0,0,0,0,0,0,0,0,14,17,1
0,0,0,0,0,0,0,0,0,0,0,0,0,0,0,15,17,1
0,0,0,0,0,0,0,0,0,0,0,0,0,0,0,16,17,1
0,0,0,0,0,0,0,0,0,0,0,0,0,0,0,17,17,1
0,0,0,0,0,0,0,0,0,0,0,0,0,0,0,18,17,1
0,0,0,0,0,0,0,0,0,0,0,0,0,0,0,19,17,1
0,0,0,0,0,0,0,0,0,0,0,0,0,0,0,20,17,1
1,1,1,1,0,0,0,1,0,0,0,0,1,1,1,0,18,0
1,1,1,0,0,0,0,1,0,0,0,0,1,1,1,1,18,0
1,1,1,0,0,0,0,1,0,0,0,0,0,1,1,2,18,0
1,0,1,0,0,0,0,1,0,0,0,0,0,1,1,3,18,0
1,0,1,0,1,0,0,1,0,0,0,0,0,1,1,4,18,0
1,0,0,0,1,0,0,1,0,0,0,0,0,1,1,5,18,0
1,0,0,0,1,0,0,1,0,1,0,0,0,1,1,6,18,0
0,0,0,0,1,0,0,1,0,1,0,0,0,1,1,7,18,0
0,0,0,0,1,0,0,1,0,1,1,0,0,1,1,8,18,0
0,1,0,0,1,0,0,1,0,1,1,0,0,1,1,9,18,0
0,1,0,0,1,1,0,1,0,1,1,0,0,1,1,10,18,0
0,1,0,0,1,1,1,1,0,1,1,0,0,1,1,11,18,0
0,1,0,1,1,1,1,1,0,1,1,0,0,1,1,12,18,0
0,1,0,1,1,1,1,1,1,1,1,0,0,1,1,13,18,0
0,1,0,1,1,1,1,1,1,0,1,0,0,1,1,14,18,1
0,1,0,1,1,1,1,1,1,0,1,0,0,1,1,15,18,1
0,1,0,1,1,1,1,1,1,0,1,0,0,1,1,16,18,1
0,1,0,1,1,1,1,1,1,0,1,0,0,1,1,17,18,1
0,1,0,1,1,1,1,1,1,0,1,0,0,1,1,18,18,1
0,1,0,1,1,1,1,1,1,0,1,0,0,1,1,19,18,1
0,1,0,1,1,1,1,1,1,0,1,0,0,1,1,20,18,1
1,1,1,0,0,1,1,0,0,1,1,0,0,0,0,0,19,0
1,1,1,0,0,1,1,0,0,0,1,0,0,0,0,1,19,0
1,1,1,0,1,1,1,0,0,0,1,0,0,0,0,2,19,0
0,1,1,0,1,1,1,0,0,0,1,0,0,0,0,3,19,0
0,1,0,0,1,1,1,0,0,0,1,0,0,0,0,4,19,0
0,1,0,0,1,1,1,1,0,0,1,0,0,0,0,5,19,0
0,1,0,0,1,1,1,1,0,0,0,0,0,0,0,6,19,0
0,1,0,0,1,1,0,1,0,0,0,0,0,0,0,7,19,0
0,1,0,0,1,0,0,1,0,0,0,0,0,0,0,8,19,0
0,1,0,0,1,0,0,0,0,0,0,0,0,0,0,9,19,0
0,1,0,0,0,0,0,0,0,0,0,0,0,0,0,10,19,0
0,0,0,0,0,0,0,0,0,0,0,0,0,0,0,11,19,1
0,0,0,0,0,0,0,0,0,0,0,0,0,0,0,12,19,1
0,0,0,0,0,0,0,0,0,0,0,0,0,0,0,13,19,1
0,0,0,0,0,0,0,0,0,0,0,0,0,0,0,14,19,1
0,0,0,0,0,0,0,0,0,0,0,0,0,0,0,15,19,1
0,0,0,0,0,0,0,0,0,0,0,0,0,0,0,16,19,1
0,0,0,0,0,0,0,0,0,0,0,0,0,0,0,17,19,1
0,0,0,0,0,0,0,0,0,0,0,0,0,0,0,18,19,1
0,0,0,0,0,0,0,0,0,0,0,0,0,0,0,19,19,1
0,0,0,0,0,0,0,0,0,0,0,0,0,0,0,20,19,1
0,0,0,0,0,1,1,1,1,0,0,1,1,1,0,0,20,0
0,0,0,0,0,1,1,1,1,0,0,1,1,1,1,1,20,0
0,1,0,0,0,1,1,1,1,0,0,1,1,1,1,2,20,0
0,1,0,0,0,1,0,1,1,0,0,1,1,1,1,3,20,0
0,1,0,0,0,1,0,1,1,0,1,1,1,1,1,4,20,0
0,1,0,0,0,1,0,1,0,0,1,1,1,1,1,5,20,0
0,1,0,1,0,1,0,1,0,0,1,1,1,1,1,6,20,0
0,1,0,1,0,1,0,0,0,0,1,1,1,1,1,7,20,0
0,0,0,1,0,1,0,0,0,0,1,1,1,1,1,8,20,0
0,0,1,1,0,1,0,0,0,0,1,1,1,1,1,9,20,0
0,0,1,1,0,1,0,0,1,0,1,1,1,1,1,10,20,0
0,0,1,1,0,1,0,1,1,0,1,1,1,1,1,11,20,0
0,0,1,1,1,1,0,1,1,0,1,1,1,1,1,12,20,1
0,0,1,1,1,1,0,1,1,0,1,1,1,1,1,13,20,1
0,0,1,1,1,1,0,1,1,0,1,1,1,1,1,14,20,1
0,0,1,1,1,1,0,1,1,0,1,1,1,1,1,15,20,1
0,0,1,1,1,1,0,1,1,0,1,1,1,1,1,16,20,1
0,0,1,1,1,1,0,1,1,0,1,1,1,1,1,17,20,1
0,0,1,1,1,1,0,1,1,0,1,1,1,1,1,18,20,1
0,0,1,1,1,1,0,1,1,0,1,1,1,1,1,19,20,1
0,0,1,1,1,1,0,1,1,0,1,1,1,1,1,20,20,1
1,1,1,1,1,0,0,1,1,1,0,0,0,0,1,0,21,0
1,1,1,1,1,0,0,1,1,0,0,0,0,0,1,1,21,0
0,1,1,1,1,0,0,1,1,0,0,0,0,0,1,2,21,0
0,1,1,0,1,0,0,1,1,0,0,0,0,0,1,3,21,0
0,1,1,0,1,0,0,1,1,0,1,0,0,0,1,4,21,0
0,1,1,0,1,0,0,1,1,0,1,0,0,0,0,5,21,0
0,1,1,0,1,0,0,1,1,0,0,0,0,0,0,6,21,0
0,1,1,0,1,1,0,1,1,0,0,0,0,0,0,7,21,0
0,0,1,0,1,1,0,1,1,0,0,0,0,0,0,8,21,0
0,0,1,0,1,1,0,1,0,0,0,0,0,0,0,9,21,0
0,0,1,0,1,1,0,1,0,1,0,0,0,0,0,10,21,0
0,0,0,0,1,1,0,1,0,1,0,0,0,0,0,11,21,0
0,0,0,0,1,0,0,1,0,1,0,0,0,0,0,12,21,1
0,0,0,0,1,0,0,1,0,1,0,0,0,0,0,13,21,1
0,0,0,0,1,0,0,1,0,1,0,0,0,0,0,14,21,1
0,0,0,0,1,0,0,1,0,1,0,0,0,0,0,15,21,1
0,0,0,0,1,0,0,1,0,1,0,0,0,0,0,16,21,1
0,0,0,0,1,0,0,1,0,1,0,0,0,0,0,17,21,1
0,0,0,0,1,0,0,1,0,1,0,0,0,0,0,18,21,1
0,0,0,0,1,0,0,1,0,1,0,0,0,0,0,19,21,1
0,0,0,0,1,0,0,1,0,1,0,0,0,0,0,20,21,1
1,1,1,0,1,0,1,1,1,0,1,0,1,1,0,0,22,0
1,1,1,0,1,0,0,1,1,0,1,0,1,1,0,1,22,0
1,1,1,0,1,0,0,1,1,0,0,0,1,1,0,2,22,0
1,1,1,0,1,0,0,1,0,0,0,0,1,1,0,3,22,0
1,1,1,0,1,0,0,1,0,0,0,0,1,1,1,4,22,0
1,1,1,0,1,0,0,1,0,0,1,0,1,1,1,5,22,0
1,1,1,0,1,0,0,1,0,0,1,0,0,1,1,6,22,0
1,1,1,0,1,1,0,1,0,0,1,0,0,1,1,7,22,0
0,1,1,0,1,1,0,1,0,0,1,0,0,1,1,8,22,0
0,1,0,0,1,1,0,1,0,0,1,0,0,1,1,9,22,0
0,1,0,0,1,1,1,1,0,0,1,0,0,1,1,10,22,0
0,1,0,1,1,1,1,1,0,0,1,0,0,1,1,11,22,0
0,1,0,1,1,1,1,1,1,0,1,0,0,1,1,12,22,1
0,1,0,1,1,1,1,1,1,0,1,0,0,1,1,13,22,1
0,1,0,1,1,1,1,1,1,0,1,0,0,1,1,14,22,1
0,1,0,1,1,1,1,1,1,0,1,0,0,1,1,15,22,1
0,1,0,1,1,1,1,1,1,0,1,0,0,1,1,16,22,1
0,1,0,1,1,1,1,1,1,0,1,0,0,1,1,17,22,1
0,1,0,1,1,1,1,1,1,0,1,0,0,1,1,18,22,1
0,1,0,1,1,1,1,1,1,0,1,0,0,1,1,19,22,1
0,1,0,1,1,1,1,1,1,0,1,0,0,1,1,20,22,1
1,0,0,0,1,0,0,1,1,1,1,1,1,0,1,0,23,0
1,0,0,0,1,0,0,1,0,1,1,1,1,0,1,1,23,0
1,0,0,1,1,0,0,1,0,1,1,1,1,0,1,2,23,0
1,0,0,1,1,0,0,1,1,1,1,1,1,0,1,3,23,0
1,0,1,1,1,0,0,1,1,1,1,1,1,0,1,4,23,0
1,0,1,1,1,1,0,1,1,1,1,1,1,0,1,5,23,0
0,0,1,1,1,1,0,1,1,1,1,1,1,0,1,6,23,0
0,0,1,1,1,1,0,1,1,1,1,1,1,0,0,7,23,0
0,0,1,1,1,1,0,1,1,0,1,1,1,0,0,8,23,0
0,0,1,1,1,1,0,1,1,0,0,1,1,0,0,9,23,0
0,0,1,0,1,1,0,1,1,0,0,1,1,0,0,10,23,0
1,0,1,0,1,1,0,1,1,0,0,1,1,0,0,11,23,0
1,0,1,0,1,1,0,1,0,0,0,1,1,0,0,12,23,0
1,0,1,0,1,1,0,1,0,1,0,1,1,0,0,13,23,0
1,0,0,0,1,1,0,1,0,1,0,1,1,0,0,14,23,0
1,0,0,0,1,0,0,1,0,1,0,1,1,0,0,15,23,1
1,0,0,0,1,0,0,1,0,1,0,1,1,0,0,16,23,1
1,0,0,0,1,0,0,1,0,1,0,1,1,0,0,17,23,1
1,0,0,0,1,0,0,1,0,1,0,1,1,0,0,18,23,1
1,0,0,0,1,0,0,1,0,1,0,1,1,0,0,19,23,1
1,0,0,0,1,0,0,1,0,1,0,1,1,0,0,20,23,1
1,1,0,0,1,0,1,0,1,1,1,1,0,1,0,0,24,0
1,1,0,0,1,0,1,1,1,1,1,1,0,1,0,1,24,0
1,1,0,0,1,0,1,1,1,1,0,1,0,1,0,2,24,0
1,1,0,0,1,0,1,1,1,0,0,1,0,1,0,3,24,0
1,1,0,0,1,0,0,1,1,0,0,1,0,1,0,4,24,0
1,1,0,0,1,0,0,1,1,0,0,1,0,1,1,5,24,0
0,1,0,0,1,0,0,1,1,0,0,1,0,1,1,6,24,0
0,1,0,0,1,0,0,1,0,0,0,1,0,1,1,7,24,0
0,0,0,0,1,0,0,1,0,0,0,1,0,1,1,8,24,0
0,0,0,0,1,0,0,1,0,0,0,1,1,1,1,9,24,0
1,0,0,0,1,0,0,1,0,0,0,1,1,1,1,10,24,0
1,0,0,0,1,0,0,1,0,1,0,1,1,1,1,11,24,0
1,0,0,0,1,0,0,1,0,1,1,1,1,1,1,12,24,0
1,0,0,1,1,0,0,1,0,1,1,1,1,1,1,13,24,0
0,0,0,1,1,0,0,1,0,1,1,1,1,1,1,14,24,0
0,0,0,1,1,0,0,1,0,0,1,1,1,1,1,15,24,0
0,0,0,1,1,0,0,0,0,0,1,1,1,1,1,16,24,0
0,0,0,1,1,1,0,0,0,0,1,1,1,1,1,17,24,0
0,0,0,1,1,1,0,0,1,0,1,1,1,1,1,18,24,0
0,0,0,1,1,1,0,1,1,0,1,1,1,1,1,19,24,0
0,0,1,1,1,1,0,1,1,0,1,1,1,1,1,20,24,1
1,1,1,1,0,0,0,1,0,0,1,0,0,1,0,0,25,0
1,1,1,1,0,0,1,1,0,0,1,0,0,1,0,1,25,0
0,1,1,1,0,0,1,1,0,0,1,0,0,1,0,2,25,0
0,1,0,1,0,0,1,1,0,0,1,0,0,1,0,3,25,0
0,1,0,1,0,1,1,1,0,0,1,0,0,1,0,4,25,0
0,1,0,0,0,1,1,1,0,0,1,0,0,1,0,5,25,0
0,1,0,0,0,1,1,1,0,0,0,0,0,1,0,6,25,0
0,1,0,0,0,1,1,1,0,1,0,0,0,1,0,7,25,0
0,1,0,0,0,1,0,1,0,1,0,0,0,1,0,8,25,0
0,1,0,0,0,1,0,1,0,1,0,0,0,1,1,9,25,0
0,1,0,0,1,1,0,1,0,1,0,0,0,1,1,10,25,0
0,0,0,0,1,1,0,1,0,1,0,0,0,1,1,11,25,0
0,0,0,0,1,1,0,1,0,1,1,0,0,1,1,12,25,0
0,0,0,1,1,1,0,1,0,1,1,0,0,1,1,13,25,0
0,0,1,1,1,1,0,1,0,1,1,0,0,1,1,14,25,0
0,0,1,1,1,1,1,1,0,1,1,0,0,1,1,15,25,0
0,1,1,1,1,1,1,1,0,1,1,0,0,1,1,16,25,0
0,1,1,1,1,1,1,1,0,0,1,0,0,1,1,17,25,0
0,1,1,1,1,1,1,1,1,0,1,0,0,1,1,18,25,0
0,1,0,1,1,1,1,1,1,0,1,0,0,1,1,19,25,1
0,1,0,1,1,1,1,1,1,0,1,0,0,1,1,20,25,1
0,0,1,1,1,1,0,1,1,0,0,1,1,1,1,0,26,0
0,0,1,1,1,1,0,1,1,0,1,1,1,1,1,1,26,1
0,0,1,1,1,1,0,1,1,0,1,1,1,1,1,2,26,1
0,0,1,1,1,1,0,1,1,0,1,1,1,1,1,3,26,1
0,0,1,1,1,1,0,1,1,0,1,1,1,1,1,4,26,1
0,0,1,1,1,1,0,1,1,0,1,1,1,1,1,5,26,1
0,0,1,1,1,1,0,1,1,0,1,1,1,1,1,6,26,1
0,0,1,1,1,1,0,1,1,0,1,1,1,1,1,7,26,1
0,0,1,1,1,1,0,1,1,0,1,1,1,1,1,8,26,1
0,0,1,1,1,1,0,1,1,0,1,1,1,1,1,9,26,1
0,0,1,1,1,1,0,1,1,0,1,1,1,1,1,10,26,1
0,0,1,1,1,1,0,1,1,0,1,1,1,1,1,11,26,1
0,0,1,1,1,1,0,1,1,0,1,1,1,1,1,12,26,1
0,0,1,1,1,1,0,1,1,0,1,1,1,1,1,13,26,1
0,0,1,1,1,1,0,1,1,0,1,1,1,1,1,14,26,1
0,0,1,1,1,1,0,1,1,0,1,1,1,1,1,15,26,1
0,0,1,1,1,1,0,1,1,0,1,1,1,1,1,16,26,1
0,0,1,1,1,1,0,1,1,0,1,1,1,1,1,17,26,1
0,0,1,1,1,1,0,1,1,0,1,1,1,1,1,18,26,1
0,0,1,1,1,1,0,1,1,0,1,1,1,1,1,19,26,1
0,0,1,1,1,1,0,1,1,0,1,1,1,1,1,20,26,1
0,1,0,0,1,0,0,0,1,1,0,1,0,0,1,0,27,0
0,1,0,0,1,0,0,0,1,0,0,1,0,0,1,1,27,0
0,1,0,0,1,0,0,0,1,0,1,1,0,0,1,2,27,0
0,1,0,0,0,0,0,0,1,0,1,1,0,0,1,3,27,0
0,1,0,0,0,0,1,0,1,0,1,1,0,0,1,4,27,0
0,1,0,0,1,0,1,0,1,0,1,1,0,0,1,5,27,0
0,1,0,0,1,0,1,0,1,0,1,1,1,0,1,6,27,0
0,1,0,0,1,0,0,0,1,0,1,1,1,0,1,7,27,0
0,1,0,0,1,1,0,0,1,0,1,1,1,0,1,8,27,0
0,1,0,0,1,1,0,0,1,0,1,1,1,0,0,9,27,0
0,1,1,0,1,1,0,0,1,0,1,1,1,0,0,10,27,0
0,1,1,0,1,1,0,1,1,0,1,1,1,0,0,11,27,0
0,1,1,0,1,1,0,1,0,0,1,1,1,0,0,12,27,0
0,1,0,0,1,1,0,1,0,0,1,1,1,0,0,13,27,0
0,1,0,0,1,1,0,1,0,0,0,1,1,0,0,14,27,0
0,0,0,0,1,1,0,1,0,0,0,1,1,0,0,15,27,0
1,0,0,0,1,1,0,1,0,0,0,1,1,0,0,16,27,0
1,0,0,0,1,1,0,1,0,1,0,1,1,0,0,17,27,0
1,0,0,0,1,0,0,1,0,1,0,1,1,0,0,18,27,1
1,0,0,0,1,0,0,1,0,1,0,1,1,0,0,19,27,1
1,0,0,0,1,0,0,1,0,1,0,1,1,0,0,20,27,1
1,1,0,1,0,1,0,1,1,1,1,1,0,0,1,0,28,0
0,1,0,1,0,1,0,1,1,1,1,1,0,0,1,1,28,0
0,1,0,1,0,1,0,1,1,1,1,1,1,0,1,2,28,0
0,1,0,1,0,1,0,1,1,1,1,1,1,0,0,3,28,0
0,1,0,0,0,1,0,1,1,1,1,1,1,0,0,4,28,0
0,1,0,0,0,1,0,1,1,0,1,1,1,0,0,5,28,0
0,1,1,0,0,1,0,1,1,0,1,1,1,0,0,6,28,0
0,0,1,0,0,1,0,1,1,0,1,1,1,0,0,7,28,0
0,0,1,0,0,1,0,1,1,0,0,1,1,0,0,8,28,0
0,0,1,0,1,1,0,1,1,0,0,1,1,0,0,9,28,0
0,0,1,0,1,1,0,1,0,0,0,1,1,0,0,10,28,0
0,0,1,0,1,1,0,1,0,1,0,1,1,0,0,11,28,0
0,0,0,0,1,1,0,1,0,1,0,1,1,0,0,12,28,0
1,0,0,0,1,1,0,1,0,1,0,1,1,0,0,13,28,0
1,0,0,0,1,0,0,1,0,1,0,1,1,0,0,14,28,1
1,0,0,0,1,0,0,1,0,1,0,1,1,0,0,15,28,1
1,0,0,0,1,0,0,1,0,1,0,1,1,0,0,16,28,1
1,0,0,0,1,0,0,1,0,1,0,1,1,0,0,17,28,1
1,0,0,0,1,0,0,1,0,1,0,1,1,0,0,18,28,1
1,0,0,0,1,0,0,1,0,1,0,1,1,0,0,19,28,1
1,0,0,0,1,0,0,1,0,1,0,1,1,0,0,20,28,1
0,0,1,1,1,1,0,1,0,1,1,1,0,1,0,0,29,0
0,0,1,1,1,1,0,1,0,1,1,1,0,1,1,1,29,0
0,0,1,1,1,1,0,1,0,0,1,1,0,1,1,2,29,0
0,0,1,1,1,1,1,1,0,0,1,1,0,1,1,3,29,0
0,0,1,1,1,1,1,1,1,0,1,1,0,1,1,4,29,0
0,1,1,1,1,1,1,1,1,0,1,1,0,1,1,5,29,0
0,1,1,1,1,1,1,1,1,0,1,1,1,1,1,6,29,0
0,1,1,1,1,1,0,1,1,0,1,1,1,1,1,7,29,0
0,0,1,1,1,1,0,1,1,0,1,1,1,1,1,8,29,1
0,0,1,1,1,1,0,1,1,0,1,1,1,1,1,9,29,1
0,0,1,1,1,1,0,1,1,0,1,1,1,1,1,10,29,1
0,0,1,1,1,1,0,1,1,0,1,1,1,1,1,11,29,1
0,0,1,1,1,1,0,1,1,0,1,1,1,1,1,12,29,1
0,0,1,1,1,1,0,1,1,0,1,1,1,1,1,13,29,1
0,0,1,1,1,1,0,1,1,0,1,1,1,1,1,14,29,1
0,0,1,1,1,1,0,1,1,0,1,1,1,1,1,15,29,1
0,0,1,1,1,1,0,1,1,0,1,1,1,1,1,16,29,1
0,0,1,1,1,1,0,1,1,0,1,1,1,1,1,17,29,1
0,0,1,1,1,1,0,1,1,0,1,1,1,1,1,18,29,1
0,0,1,1,1,1,0,1,1,0,1,1,1,1,1,19,29,1
0,0,1,1,1,1,0,1,1,0,1,1,1,1,1,20,29,1
0,0,0,0,0,1,0,0,1,0,0,1,0,0,0,0,30,0
0,0,0,0,0,1,0,1,1,0,0,1,0,0,0,1,30,0
0,0,1,0,0,1,0,1,1,0,0,1,0,0,0,2,30,0
0,0,1,0,0,1,0,1,0,0,0,1,0,0,0,3,30,0
0,0,1,0,1,1,0,1,0,0,0,1,0,0,0,4,30,0
0,0,1,0,1,1,0,1,0,0,0,1,1,0,0,5,30,0
0,0,0,0,1,1,0,1,0,0,0,1,1,0,0,6,30,0
1,0,0,0,1,1,0,1,0,0,0,1,1,0,0,7,30,0
1,0,0,0,1,0,0,1,0,0,0,1,1,0,0,8,30,0
1,0,0,0,1,0,0,1,0,1,0,1,1,0,0,9,30,1
1,0,0,0,1,0,0,1,0,1,0,1,1,0,0,10,30,1
1,0,0,0,1,0,0,1,0,1,0,1,1,0,0,11,30,1
1,0,0,0,1,0,0,1,0,1,0,1,1,0,0,12,30,1
1,0,0,0,1,0,0,1,0,1,0,1,1,0,0,13,30,1
1,0,0,0,1,0,0,1,0,1,0,1,1,0,0,14,30,1
1,0,0,0,1,0,0,1,0,1,0,1,1,0,0,15,30,1
1,0,0,0,1,0,0,1,0,1,0,1,1,0,0,16,30,1
1,0,0,0,1,0,0,1,0,1,0,1,1,0,0,17,30,1
1,0,0,0,1,0,0,1,0,1,0,1,1,0,0,18,30,1
1,0,0,0,1,0,0,1,0,1,0,1,1,0,0,19,30,1
1,0,0,0,1,0,0,1,0,1,0,1,1,0,0,20,30,1
0,1,1,0,0,1,1,1,0,1,1,0,0,1,0,0,31,0
0,1,0,0,0,1,1,1,0,1,1,0,0,1,0,1,31,0
0,1,0,0,0,1,1,1,0,0,1,0,0,1,0,2,31,0
0,1,0,0,0,1,1,1,0,0,0,0,0,1,0,3,31,0
0,1,0,0,0,1,1,1,0,1,0,0,0,1,0,4,31,0
0,1,0,0,0,1,0,1,0,1,0,0,0,1,0,5,31,0
0,1,0,0,0,0,0,1,0,1,0,0,0,1,0,6,31,0
0,1,0,0,1,0,0,1,0,1,0,0,0,1,0,7,31,0
0,1,0,0,1,0,0,1,0,1,0,0,0,1,1,8,31,0
0,0,0,0,1,0,0,1,0,1,0,0,0,1,1,9,31,0
0,0,0,0,1,0,0,1,0,1,1,0,0,1,1,10,31,0
0,0,0,0,1,0,0,1,0,0,1,0,0,1,1,11,31,0
0,0,0,1,1,0,0,1,0,0,1,0,0,1,1,12,31,0
0,0,0,1,1,0,1,1,0,0,1,0,0,1,1,13,31,0
0,0,0,1,1,0,1,1,1,0,1,0,0,1,1,14,31,0
0,1,0,1,1,0,1,1,1,0,1,0,0,1,1,15,31,0
0,1,0,1,1,1,1,1,1,0,1,0,0,1,1,16,31,1
0,1,0,1,1,1,1,1,1,0,1,0,0,1,1,17,31,1
0,1,0,1,1,1,1,1,1,0,1,0,0,1,1,18,31,1
0,1,0,1,1,1,1,1,1,0,1,0,0,1,1,19,31,1
0,1,0,1,1,1,1,1,1,0,1,0,0,1,1,20,31,1
0,1,1,1,1,1,0,1,0,0,0,0,1,0,1,0,32,0
0,1,1,1,1,1,0,1,0,0,0,0,1,0,0,1,32,0
0,0,1,1,1,1,0,1,0,0,0,0,1,0,0,2,32,0
0,0,1,1,1,1,0,1,0,0,0,0,0,0,0,3,32,0
0,0,1,0,1,1,0,1,0,0,0,0,0,0,0,4,32,0
0,0,1,0,1,1,0,1,0,1,0,0,0,0,0,5,32,0
0,0,0,0,1,1,0,1,0,1,0,0,0,0,0,6,32,0
0,0,0,0,1,0,0,1,0,1,0,0,0,0,0,7,32,1
0,0,0,0,1,0,0,1,0,1,0,0,0,0,0,8,32,1
0,0,0,0,1,0,0,1,0,1,0,0,0,0,0,9,32,1
0,0,0,0,1,0,0,1,0,1,0,0,0,0,0,10,32,1
0,0,0,0,1,0,0,1,0,1,0,0,0,0,0,11,32,1
0,0,0,0,1,0,0,1,0,1,0,0,0,0,0,12,32,1
0,0,0,0,1,0,0,1,0,1,0,0,0,0,0,13,32,1
0,0,0,0,1,0,0,1,0,1,0,0,0,0,0,14,32,1
0,0,0,0,1,0,0,1,0,1,0,0,0,0,0,15,32,1
0,0,0,0,1,0,0,1,0,1,0,0,0,0,0,16,32,1
0,0,0,0,1,0,0,1,0,1,0,0,0,0,0,17,32,1
0,0,0,0,1,0,0,1,0,1,0,0,0,0,0,18,32,1
0,0,0,0,1,0,0,1,0,1,0,0,0,0,0,19,32,1
0,0,0,0,1,0,0,1,0,1,0,0,0,0,0,20,32,1
1,0,1,0,1,0,1,0,0,1,1,1,1,0,0,0,33,0
1,0,0,0,1,0,1,0,0,1,1,1,1,0,0,1,33,0
1,0,0,0,1,0,1,1,0,1,1,1,1,0,0,2,33,0
1,0,0,0,1,0,1,1,0,1,0,1,1,0,0,3,33,0
1,0,0,0,1,1,1,1,0,1,0,1,1,0,0,4,33,0
1,1,0,0,1,1,1,1,0,1,0,1,1,0,0,5,33,0
1,1,0,0,1,1,0,1,0,1,0,1,1,0,0,6,33,0
1,0,0,0,1,1,0,1,0,1,0,1,1,0,0,7,33,0
1,0,0,0,1,0,0,1,0,1,0,1,1,0,0,8,33,1
1,0,0,0,1,0,0,1,0,1,0,1,1,0,0,9,33,1
1,0,0,0,1,0,0,1,0,1,0,1,1,0,0,10,33,1
1,0,0,0,1,0,0,1,0,1,0,1,1,0,0,11,33,1
1,0,0,0,1,0,0,1,0,1,0,1,1,0,0,12,33,1
1,0,0,0,1,0,0,1,0,1,0,1,1,0,0,13,33,1
1,0,0,0,1,0,0,1,0,1,0,1,1,0,0,14,33,1
1,0,0,0,1,0,0,1,0,1,0,1,1,0,0,15,33,1
1,0,0,0,1,0,0,1,0,1,0,1,1,0,0,16,33,1
1,0,0,0,1,0,0,1,0,1,0,1,1,0,0,17,33,1
1,0,0,0,1,0,0,1,0,1,0,1,1,0,0,18,33,1
1,0,0,0,1,0,0,1,0,1,0,1,1,0,0,19,33,1
1,0,0,0,1,0,0,1,0,1,0,1,1,0,0,20,33,1
0,0,0,1,1,1,1,1,1,1,0,0,1,1,0,0,34,0
0,0,0,0,1,1,1,1,1,1,0,0,1,1,0,1,34,0
0,0,0,0,1,1,1,1,1,1,0,0,0,1,0,2,34,0
0,0,0,0,1,1,1,1,1,1,0,0,0,1,1,3,34,0
0,0,0,0,1,1,1,1,1,0,0,0,0,1,1,4,34,0
0,0,0,0,1,1,1,1,0,0,0,0,0,1,1,5,34,0
0,1,0,0,1,1,1,1,0,0,0,0,0,1,1,6,34,0
0,1,0,0,1,1,0,1,0,0,0,0,0,1,1,7,34,0
0,1,0,0,1,0,0,1,0,0,0,0,0,1,1,8,34,0
0,1,0,0,1,0,0,1,0,0,1,0,0,1,1,9,34,0
0,1,0,1,1,0,0,1,0,0,1,0,0,1,1,10,34,0
0,1,1,1,1,0,0,1,0,0,1,0,0,1,1,11,34,0
0,1,1,1,1,0,1,1,0,0,1,0,0,1,1,12,34,0
0,1,1,1,1,1,1,1,0,0,1,0,0,1,1,13,34,0
0,1,0,1,1,1,1,1,0,0,1,0,0,1,1,14,34,0
0,1,0,1,1,1,1,1,1,0,1,0,0,1,1,15,34,1
0,1,0,1,1,1,1,1,1,0,1,0,0,1,1,16,34,1
0,1,0,1,1,1,1,1,1,0,1,0,0,1,1,17,34,1
0,1,0,1,1,1,1,1,1,0,1,0,0,1,1,18,34,1
0,1,0,1,1,1,1,1,1,0,1,0,0,1,1,19,34,1
0,1,0,1,1,1,1,1,1,0,1,0,0,1,1,20,34,1
1,1,0,0,1,0,1,0,1,0,1,0,1,0,1,0,35,0
1,1,0,0,1,0,1,0,1,0,1,0,0,0,1,1,35,0
1,1,0,0,1,0,1,0,0,0,1,0,0,0,1,2,35,0
1,1,0,0,1,0,1,1,0,0,1,0,0,0,1,3,35,0
1,1,0,0,1,0,1,1,0,0,1,0,0,0,0,4,35,0
1,1,0,0,1,1,1,1,0,0,1,0,0,0,0,5,35,0
0,1,0,0,1,1,1,1,0,0,1,0,0,0,0,6,35,0
0,1,0,0,1,1,1,1,0,0,0,0,0,0,0,7,35,0
0,1,0,0,1,1,0,1,0,0,0,0,0,0,0,8,35,0
0,1,0,0,1,0,0,1,0,0,0,0,0,0,0,9,35,0
0,0,0,0,1,0,0,1,0,0,0,0,0,0,0,10,35,0
0,0,0,0,1,0,0,1,0,1,0,0,0,0,0,11,35,1
0,0,0,0,1,0,0,1,0,1,0,0,0,0,0,12,35,1
0,0,0,0,1,0,0,1,0,1,0,0,0,0,0,13,35,1
0,0,0,0,1,0,0,1,0,1,0,0,0,0,0,14,35,1
0,0,0,0,1,0,0,1,0,1,0,0,0,0,0,15,35,1
0,0,0,0,1,0,0,1,0,1,0,0,0,0,0,16,35,1
0,0,0,0,1,0,0,1,0,1,0,0,0,0,0,17,35,1
0,0,0,0,1,0,0,1,0,1,0,0,0,0,0,18,35,1
0,0,0,0,1,0,0,1,0,1,0,0,0,0,0,19,35,1
0,0,0,0,1,0,0,1,0,1,0,0,0,0,0,20,35,1
1,1,0,1,0,0,0,0,1,1,0,0,0,0,1,0,36,0
1,1,0,0,0,0,0,0,1,1,0,0,0,0,1,1,36,0
1,1,1,0,0,0,0,0,1,1,0,0,0,0,1,2,36,0
1,1,1,0,1,0,0,0,1,1,0,0,0,0,1,3,36,0
1,0,1,0,1,0,0,0,1,1,0,0,0,0,1,4,36,0
1,0,1,0,1,1,0,0,1,1,0,0,0,0,1,5,36,0
1,0,1,0,1,1,0,0,1,1,0,0,0,0,0,6,36,0
1,0,1,0,1,1,0,0,1,0,0,0,0,0,0,7,36,0
1,0,1,0,1,1,0,0,0,0,0,0,0,0,0,8,36,0
1,0,1,0,1,1,0,1,0,0,0,0,0,0,0,9,36,0
1,0,1,0,1,1,0,1,0,1,0,0,0,0,0,10,36,0
1,0,0,0,1,1,0,1,0,1,0,0,0,0,0,11,36,0
1,0,0,0,1,0,0,1,0,1,0,0,0,0,0,12,36,0
0,0,0,0,1,0,0,1,0,1,0,0,0,0,0,13,36,1
0,0,0,0,1,0,0,1,0,1,0,0,0,0,0,14,36,1
0,0,0,0,1,0,0,1,0,1,0,0,0,0,0,15,36,1
0,0,0,0,1,0,0,1,0,1,0,0,0,0,0,16,36,1
0,0,0,0,1,0,0,1,0,1,0,0,0,0,0,17,36,1
0,0,0,0,1,0,0,1,0,1,0,0,0,0,0,18,36,1
0,0,0,0,1,0,0,1,0,1,0,0,0,0,0,19,36,1
0,0,0,0,1,0,0,1,0,1,0,0,0,0,0,20,36,1
1,0,1,1,1,0,0,1,1,0,0,1,1,0,1,0,37,0
1,0,1,1,1,1,0,1,1,0,0,1,1,0,1,1,37,0
1,0,1,1,1,1,0,1,1,0,1,1,1,0,1,2,37,0
1,0,1,1,1,1,0,1,1,0,1,1,1,0,0,3,37,0
1,0,1,1,1,1,0,1,1,0,0,1,1,0,0,4,37,0
1,0,1,0,1,1,0,1,1,0,0,1,1,0,0,5,37,0
1,0,1,0,1,1,0,1,0,0,0,1,1,0,0,6,37,0
1,0,1,0,1,1,0,1,0,1,0,1,1,0,0,7,37,0
1,0,0,0,1,1,0,1,0,1,0,1,1,0,0,8,37,0
1,0,0,0,1,0,0,1,0,1,0,1,1,0,0,9,37,1
1,0,0,0,1,0,0,1,0,1,0,1,1,0,0,10,37,1
1,0,0,0,1,0,0,1,0,1,0,1,1,0,0,11,37,1
1,0,0,0,1,0,0,1,0,1,0,1,1,0,0,12,37,1
1,0,0,0,1,0,0,1,0,1,0,1,1,0,0,13,37,1
1,0,0,0,1,0,0,1,0,1,0,1,1,0,0,14,37,1
1,0,0,0,1,0,0,1,0,1,0,1,1,0,0,15,37,1
1,0,0,0,1,0,0,1,0,1,0,1,1,0,0,16,37,1
1,0,0,0,1,0,0,1,0,1,0,1,1,0,0,17,37,1
1,0,0,0,1,0,0,1,0,1,0,1,1,0,0,18,37,1
1,0,0,0,1,0,0,1,0,1,0,1,1,0,0,19,37,1
1,0,0,0,1,0,0,1,0,1,0,1,1,0,0,20,37,1
1,1,0,1,0,1,0,1,1,1,0,1,0,0,1,0,38,0
1,1,0,1,1,1,0,1,1,1,0,1,0,0,1,1,38,0
1,1,0,1,1,1,0,1,1,1,0,1,1,0,1,2,38,0
1,1,1,1,1,1,0,1,1,1,0,1,1,0,1,3,38,0
1,1,1,1,1,1,0,1,1,1,0,1,1,0,0,4,38,0
1,1,1,1,1,1,0,1,1,0,0,1,1,0,0,5,38,0
1,0,1,1,1,1,0,1,1,0,0,1,1,0,0,6,38,0
1,0,1,0,1,1,0,1,1,0,0,1,1,0,0,7,38,0
1,0,1,0,1,1,0,1,0,0,0,1,1,0,0,8,38,0
1,0,1,0,1,1,0,1,0,1,0,1,1,0,0,9,38,0
1,0,0,0,1,1,0,1,0,1,0,1,1,0,0,10,38,0
1,0,0,0,1,0,0,1,0,1,0,1,1,0,0,11,38,1
1,0,0,0,1,0,0,1,0,1,0,1,1,0,0,12,38,1
1,0,0,0,1,0,0,1,0,1,0,1,1,0,0,13,38,1
1,0,0,0,1,0,0,1,0,1,0,1,1,0,0,14,38,1
1,0,0,0,1,0,0,1,0,1,0,1,1,0,0,15,38,1
1,0,0,0,1,0,0,1,0,1,0,1,1,0,0,16,38,1
1,0,0,0,1,0,0,1,0,1,0,1,1,0,0,17,38,1
1,0,0,0,1,0,0,1,0,1,0,1,1,0,0,18,38,1
1,0,0,0,1,0,0,1,0,1,0,1,1,0,0,19,38,1
1,0,0,0,1,0,0,1,0,1,0,1,1,0,0,20,38,1
0,0,0,0,0,1,0,0,1,0,1,0,0,0,0,0,39,0
0,0,0,0,0,1,0,0,1,0,0,0,0,0,0,1,39,0
0,0,0,0,0,1,0,1,1,0,0,0,0,0,0,2,39,0
0,0,1,0,0,1,0,1,1,0,0,0,0,0,0,3,39,0
0,0,1,0,0,1,0,1,0,0,0,0,0,0,0,4,39,0
0,0,1,0,0,1,0,0,0,0,0,0,0,0,0,5,39,0
0,0,0,0,0,1,0,0,0,0,0,0,0,0,0,6,39,0
0,0,0,0,0,0,0,0,0,0,0,0,0,0,0,7,39,1
0,0,0,0,0,0,0,0,0,0,0,0,0,0,0,8,39,1
0,0,0,0,0,0,0,0,0,0,0,0,0,0,0,9,39,1
0,0,0,0,0,0,0,0,0,0,0,0,0,0,0,10,39,1
0,0,0,0,0,0,0,0,0,0,0,0,0,0,0,11,39,1
0,0,0,0,0,0,0,0,0,0,0,0,0,0,0,12,39,1
0,0,0,0,0,0,0,0,0,0,0,0,0,0,0,13,39,1
0,0,0,0,0,0,0,0,0,0,0,0,0,0,0,14,39,1
0,0,0,0,0,0,0,0,0,0,0,0,0,0,0,15,39,1
0,0,0,0,0,0,0,0,0,0,0,0,0,0,0,16,39,1
0,0,0,0,0,0,0,0,0,0,0,0,0,0,0,17,39,1
0,0,0,0,0,0,0,0,0,0,0,0,0,0,0,18,39,1
0,0,0,0,0,0,0,0,0,0,0,0,0,0,0,19,39,1
0,0,0,0,0,0,0,0,0,0,0,0,0,0,0,20,39,1
0,0,0,1,0,1,1,0,0,1,0,0,1,1,0,0,40,0
0,0,0,1,0,1,1,0,1,1,0,0,1,1,0,1,40,0
0,1,0,1,0,1,1,0,1,1,0,0,1,1,0,2,40,0
0,1,0,1,0,1,0,0,1,1,0,0,1,1,0,3,40,0
0,1,0,1,0,1,0,0,1,1,0,0,0,1,0,4,40,0
0,1,0,0,0,1,0,0,1,1,0,0,0,1,0,5,40,0
0,0,0,0,0,1,0,0,1,1,0,0,0,1,0,6,40,0
0,0,0,0,0,1,0,0,0,1,0,0,0,1,0,7,40,0
0,0,0,0,1,1,0,0,0,1,0,0,0,1,0,8,40,0
0,0,0,0,1,1,0,1,0,1,0,0,0,1,0,9,40,0
0,0,0,0,1,1,0,1,0,1,0,0,0,1,1,10,40,0
0,0,0,0,1,0,0,1,0,1,0,0,0,1,1,11,40,0
0,0,0,0,1,0,0,1,0,1,1,0,0,1,1,12,40,0
0,1,0,0,1,0,0,1,0,1,1,0,0,1,1,13,40,0
0,1,0,0,1,0,1,1,0,1,1,0,0,1,1,14,40,0
0,1,0,1,1,0,1,1,0,1,1,0,0,1,1,15,40,0
0,1,0,1,1,1,1,1,0,1,1,0,0,1,1,16,40,0
0,1,0,1,1,1,1,1,0,0,1,0,0,1,1,17,40,0
0,1,0,1,1,1,1,1,1,0,1,0,0,1,1,18,40,1
0,1,0,1,1,1,1,1,1,0,1,0,0,1,1,19,40,1
0,1,0,1,1,1,1,1,1,0,1,0,0,1,1,20,40,1
0,0,1,1,0,1,1,0,0,0,1,0,0,1,0,0,41,0
0,0,1,1,0,1,1,0,0,0,1,0,0,1,1,1,41,0
0,0,1,1,1,1,1,0,0,0,1,0,0,1,1,2,41,0
0,0,0,1,1,1,1,0,0,0,1,0,0,1,1,3,41,0
0,0,0,1,1,1,1,1,0,0,1,0,0,1,1,4,41,0
0,1,0,1,1,1,1,1,0,0,1,0,0,1,1,5,41,0
0,1,0,1,1,1,1,1,1,0,1,0,0,1,1,6,41,1
0,1,0,1,1,1,1,1,1,0,1,0,0,1,1,7,41,1
0,1,0,1,1,1,1,1,1,0,1,0,0,1,1,8,41,1
0,1,0,1,1,1,1,1,1,0,1,0,0,1,1,9,41,1
0,1,0,1,1,1,1,1,1,0,1,0,0,1,1,10,41,1
0,1,0,1,1,1,1,1,1,0,1,0,0,1,1,11,41,1
0,1,0,1,1,1,1,1,1,0,1,0,0,1,1,12,41,1
0,1,0,1,1,1,1,1,1,0,1,0,0,1,1,13,41,1
0,1,0,1,1,1,1,1,1,0,1,0,0,1,1,14,41,1
0,1,0,1,1,1,1,1,1,0,1,0,0,1,1,15,41,1
0,1,0,1,1,1,1,1,1,0,1,0,0,1,1,16,41,1
0,1,0,1,1,1,1,1,1,0,1,0,0,1,1,17,41,1
0,1,0,1,1,1,1,1,1,0,1,0,0,1,1,18,41,1
0,1,0,1,1,1,1,1,1,0,1,0,0,1,1,19,41,1
0,1,0,1,1,1,1,1,1,0,1,0,0,1,1,20,41,1
1,0,0,1,0,0,1,1,0,1,1,1,0,1,0,0,42,0
1,0,0,1,0,0,1,1,1,1,1,1,0,1,0,1,42,0
1,0,0,1,1,0,1,1,1,1,1,1,0,1,0,2,42,0
1,1,0,1,1,0,1,1,1,1,1,1,0,1,0,3,42,0
1,1,0,1,1,0,1,1,1,1,1,1,0,1,1,4,42,0
1,1,0,1,1,0,1,1,1,0,1,1,0,1,1,5,42,0
0,1,0,1,1,0,1,1,1,0,1,1,0,1,1,6,42,0
0,1,0,1,1,1,1,1,1,0,1,1,0,1,1,7,42,0
0,1,0,1,1,1,1,1,1,0,1,1,1,1,1,8,42,0
0,1,0,1,1,1,0,1,1,0,1,1,1,1,1,9,42,0
0,0,0,1,1,1,0,1,1,0,1,1,1,1,1,10,42,0
0,0,1,1,1,1,0,1,1,0,1,1,1,1,1,11,42,1
0,0,1,1,1,1,0,1,1,0,1,1,1,1,1,12,42,1
0,0,1,1,1,1,0,1,1,0,1,1,1,1,1,13,42,1
0,0,1,1,1,1,0,1,1,0,1,1,1,1,1,14,42,1
0,0,1,1,1,1,0,1,1,0,1,1,1,1,1,15,42,1
0,0,1,1,1,1,0,1,1,0,1,1,1,1,1,16,42,1
0,0,1,1,1,1,0,1,1,0,1,1,1,1,1,17,42,1
0,0,1,1,1,1,0,1,1,0,1,1,1,1,1,18,42,1
0,0,1,1,1,1,0,1,1,0,1,1,1,1,1,19,42,1
0,0,1,1,1,1,0,1,1,0,1,1,1,1,1,20,42,1
0,0,1,1,1,1,1,0,0,1,1,0,1,1,0,0,43,0
0,0,1,1,1,1,1,0,1,1,1,0,1,1,0,1,43,0
0,0,1,1,1,1,1,0,1,1,0,0,1,1,0,2,43,0
0,0,1,1,1,1,1,0,1,0,0,0,1,1,0,3,43,0
0,0,1,1,1,1,1,0,1,0,0,0,1,1,1,4,43,0
0,0,1,1,1,1,1,0,1,0,1,0,1,1,1,5,43,0
0,0,1,1,1,1,0,0,1,0,1,0,1,1,1,6,43,0
0,0,1,1,0,1,0,0,1,0,1,0,1,1,1,7,43,0
0,0,1,1,0,1,0,0,1,0,1,0,0,1,1,8,43,0
0,0,1,1,0,1,0,1,1,0,1,0,0,1,1,9,43,0
0,0,1,1,1,1,0,1,1,0,1,0,0,1,1,10,43,0
0,0,1,1,1,1,1,1,1,0,1,0,0,1,1,11,43,0
0,0,0,1,1,1,1,1,1,0,1,0,0,1,1,12,43,0
0,1,0,1,1,1,1,1,1,0,1,0,0,1,1,13,43,1
0,1,0,1,1,1,1,1,1,0,1,0,0,1,1,14,43,1
0,1,0,1,1,1,1,1,1,0,1,0,0,1,1,15,43,1
0,1,0,1,1,1,1,1,1,0,1,0,0,1,1,16,43,1
0,1,0,1,1,1,1,1,1,0,1,0,0,1,1,17,43,1
0,1,0,1,1,1,1,1,1,0,1,0,0,1,1,18,43,1
0,1,0,1,1,1,1,1,1,0,1,0,0,1,1,19,43,1
0,1,0,1,1,1,1,1,1,0,1,0,0,1,1,20,43,1
0,1,1,1,1,1,0,1,1,1,0,1,1,1,0,0,44,0
1,1,1,1,1,1,0,1,1,1,0,1,1,1,0,1,44,0
1,1,1,1,1,1,0,1,1,1,0,1,1,1,1,2,44,0
1,1,1,1,1,1,0,1,1,0,0,1,1,1,1,3,44,0
1,1,1,1,1,1,0,1,1,0,1,1,1,1,1,4,44,0
0,1,1,1,1,1,0,1,1,0,1,1,1,1,1,5,44,0
0,0,1,1,1,1,0,1,1,0,1,1,1,1,1,6,44,1
0,0,1,1,1,1,0,1,1,0,1,1,1,1,1,7,44,1
0,0,1,1,1,1,0,1,1,0,1,1,1,1,1,8,44,1
0,0,1,1,1,1,0,1,1,0,1,1,1,1,1,9,44,1
0,0,1,1,1,1,0,1,1,0,1,1,1,1,1,10,44,1
0,0,1,1,1,1,0,1,1,0,1,1,1,1,1,11,44,1
0,0,1,1,1,1,0,1,1,0,1,1,1,1,1,12,44,1
0,0,1,1,1,1,0,1,1,0,1,1,1,1,1,13,44,1
0,0,1,1,1,1,0,1,1,0,1,1,1,1,1,14,44,1
0,0,1,1,1,1,0,1,1,0,1,1,1,1,1,15,44,1
0,0,1,1,1,1,0,1,1,0,1,1,1,1,1,16,44,1
0,0,1,1,1,1,0,1,1,0,1,1,1,1,1,17,44,1
0,0,1,1,1,1,0,1,1,0,1,1,1,1,1,18,44,1
0,0,1,1,1,1,0,1,1,0,1,1,1,1,1,19,44,1
0,0,1,1,1,1,0,1,1,0,1,1,1,1,1,20,44,1
1,0,0,1,1,1,1,0,0,0,0,1,1,0,1,0,45,0
1,0,0,1,1,1,1,0,1,0,0,1,1,0,1,1,45,0
1,0,0,1,1,1,1,0,1,0,0,1,1,0,0,2,45,0
1,0,0,1,1,1,1,1,1,0,0,1,1,0,0,3,45,0
1,1,0,1,1,1,1,1,1,0,0,1,1,0,0,4,45,0
1,1,0,1,1,1,0,1,1,0,0,1,1,0,0,5,45,0
1,1,0,0,1,1,0,1,1,0,0,1,1,0,0,6,45,0
1,1,1,0,1,1,0,1,1,0,0,1,1,0,0,7,45,0
1,0,1,0,1,1,0,1,1,0,0,1,1,0,0,8,45,0
1,0,1,0,1,1,0,1,0,0,0,1,1,0,0,9,45,0
1,0,0,0,1,1,0,1,0,0,0,1,1,0,0,10,45,0
1,0,0,0,1,0,0,1,0,0,0,1,1,0,0,11,45,0
1,0,0,0,1,0,0,1,0,1,0,1,1,0,0,12,45,1
1,0,0,0,1,0,0,1,0,1,0,1,1,0,0,13,45,1
1,0,0,0,1,0,0,1,0,1,0,1,1,0,0,14,45,1
1,0,0,0,1,0,0,1,0,1,0,1,1,0,0,15,45,1
1,0,0,0,1,0,0,1,0,1,0,1,1,0,0,16,45,1
1,0,0,0,1,0,0,1,0,1,0,1,1,0,0,17,45,1
1,0,0,0,1,0,0,1,0,1,0,1,1,0,0,18,45,1
1,0,0,0,1,0,0,1,0,1,0,1,1,0,0,19,45,1
1,0,0,0,1,0,0,1,0,1,0,1,1,0,0,20,45,1
0,0,1,0,0,0,0,0,1,0,1,1,1,0,0,0,46,0
0,0,1,0,0,1,0,0,1,0,1,1,1,0,0,1,46,0
0,0,1,0,0,1,0,0,0,0,1,1,1,0,0,2,46,0
0,0,1,0,0,1,0,0,0,0,0,1,1,0,0,3,46,0
0,0,0,0,0,1,0,0,0,0,0,1,1,0,0,4,46,0
0,0,0,0,0,0,0,0,0,0,0,1,1,0,0,5,46,0
1,0,0,0,0,0,0,0,0,0,0,1,1,0,0,6,46,1
1,0,0,0,0,0,0,0,0,0,0,1,1,0,0,7,46,1
1,0,0,0,0,0,0,0,0,0,0,1,1,0,0,8,46,1
1,0,0,0,0,0,0,0,0,0,0,1,1,0,0,9,46,1
1,0,0,0,0,0,0,0,0,0,0,1,1,0,0,10,46,1
1,0,0,0,0,0,0,0,0,0,0,1,1,0,0,11,46,1
1,0,0,0,0,0,0,0,0,0,0,1,1,0,0,12,46,1
1,0,0,0,0,0,0,0,0,0,0,1,1,0,0,13,46,1
1,0,0,0,0,0,0,0,0,0,0,1,1,0,0,14,46,1
1,0,0,0,0,0,0,0,0,0,0,1,1,0,0,15,46,1
1,0,0,0,0,0,0,0,0,0,0,1,1,0,0,16,46,1
1,0,0,0,0,0,0,0,0,0,0,1,1,0,0,17,46,1
1,0,0,0,0,0,0,0,0,0,0,1,1,0,0,18,46,1
1,0,0,0,0,0,0,0,0,0,0,1,1,0,0,19,46,1
1,0,0,0,0,0,0,0,0,0,0,1,1,0,0,20,46,1
1,0,0,1,0,1,1,0,1,0,1,0,1,0,0,0,47,0
1,0,0,0,0,1,1,0,1,0,1,0,1,0,0,1,47,0
1,0,0,0,1,1,1,0,1,0,1,0,1,0,0,2,47,0
1,0,0,0,1,1,1,0,1,0,0,0,1,0,0,3,47,0
1,0,0,0,1,1,1,0,1,0,0,0,0,0,0,4,47,0
1,0,0,0,1,1,1,0,0,0,0,0,0,0,0,5,47,0
1,0,0,0,1,1,0,0,0,0,0,0,0,0,0,6,47,0
0,0,0,0,1,1,0,0,0,0,0,0,0,0,0,7,47,0
0,0,0,0,0,1,0,0,0,0,0,0,0,0,0,8,47,0
0,0,0,0,0,0,0,0,0,0,0,0,0,0,0,9,47,1
0,0,0,0,0,0,0,0,0,0,0,0,0,0,0,10,47,1
0,0,0,0,0,0,0,0,0,0,0,0,0,0,0,11,47,1
0,0,0,0,0,0,0,0,0,0,0,0,0,0,0,12,47,1
0,0,0,0,0,0,0,0,0,0,0,0,0,0,0,13,47,1
0,0,0,0,0,0,0,0,0,0,0,0,0,0,0,14,47,1
0,0,0,0,0,0,0,0,0,0,0,0,0,0,0,15,47,1
0,0,0,0,0,0,0,0,0,0,0,0,0,0,0,16,47,1
0,0,0,0,0,0,0,0,0,0,0,0,0,0,0,17,47,1
0,0,0,0,0,0,0,0,0,0,0,0,0,0,0,18,47,1
0,0,0,0,0,0,0,0,0,0,0,0,0,0,0,19,47,1
0,0,0,0,0,0,0,0,0,0,0,0,0,0,0,20,47,1
1,1,0,0,0,1,1,1,1,0,1,0,1,1,1,0,48,0
1,1,0,0,0,1,0,1,1,0,1,0,1,1,1,1,48,0
1,0,0,0,0,1,0,1,1,0,1,0,1,1,1,2,48,0
1,0,0,1,0,1,0,1,1,0,1,0,1,1,1,3,48,0
0,0,0,1,0,1,0,1,1,0,1,0,1,1,1,4,48,0
0,0,0,1,1,1,0,1,1,0,1,0,1,1,1,5,48,0
0,0,1,1,1,1,0,1,1,0,1,0,1,1,1,6,48,0
0,0,1,1,1,1,0,1,1,0,1,0,0,1,1,7,48,0
0,1,1,1,1,1,0,1,1,0,1,0,0,1,1,8,48,0
0,1,1,1,1,1,1,1,1,0,1,0,0,1,1,9,48,0
0,1,0,1,1,1,1,1,1,0,1,0,0,1,1,10,48,1
0,1,0,1,1,1,1,1,1,0,1,0,0,1,1,11,48,1
0,1,0,1,1,1,1,1,1,0,1,0,0,1,1,12,48,1
0,1,0,1,1,1,1,1,1,0,1,0,0,1,1,13,48,1
0,1,0,1,1,1,1,1,1,0,1,0,0,1,1,14,48,1
0,1,0,1,1,1,1,1,1,0,1,0,0,1,1,15,48,1
0,1,0,1,1,1,1,1,1,0,1,0,0,1,1,16,48,1
0,1,0,1,1,1,1,1,1,0,1,0,0,1,1,17,48,1
0,1,0,1,1,1,1,1,1,0,1,0,0,1,1,18,48,1
0,1,0,1,1,1,1,1,1,0,1,0,0,1,1,19,48,1
0,1,0,1,1,1,1,1,1,0,1,0,0,1,1,20,48,1
1,0,0,1,1,1,1,1,0,0,1,1,0,0,1,0,49,0
0,0,0,1,1,1,1,1,0,0,1,1,0,0,1,1,49,0
0,1,0,1,1,1,1,1,0,0,1,1,0,0,1,2,49,0
0,1,0,1,1,1,1,1,0,0,1,1,1,0,1,3,49,0
0,1,0,1,1,1,1,1,1,0,1,1,1,0,1,4,49,0
0,1,0,1,1,1,1,1,1,0,1,1,1,0,0,5,49,0
0,1,0,1,1,1,0,1,1,0,1,1,1,0,0,6,49,0
0,0,0,1,1,1,0,1,1,0,1,1,1,0,0,7,49,0
0,0,1,1,1,1,0,1,1,0,1,1,1,0,0,8,49,0
0,0,1,1,1,1,0,1,1,0,0,1,1,0,0,9,49,0
1,0,1,1,1,1,0,1,1,0,0,1,1,0,0,10,49,0
1,0,1,0,1,1,0,1,1,0,0,1,1,0,0,11,49,0
1,0,1,0,1,1,0,1,0,0,0,1,1,0,0,12,49,0
1,0,1,0,1,1,0,1,0,1,0,1,1,0,0,13,49,0
1,0,0,0,1,1,0,1,0,1,0,1,1,0,0,14,49,0
1,0,0,0,1,0,0,1,0,1,0,1,1,0,0,15,49,1
1,0,0,0,1,0,0,1,0,1,0,1,1,0,0,16,49,1
1,0,0,0,1,0,0,1,0,1,0,1,1,0,0,17,49,1
1,0,0,0,1,0,0,1,0,1,0,1,1,0,0,18,49,1
1,0,0,0,1,0,0,1,0,1,0,1,1,0,0,19,49,1
1,0,0,0,1,0,0,1,0,1,0,1,1,0,0,20,49,1
0,1,1,1,0,0,0,1,1,1,1,0,0,1,0,0,50,0
0,1,1,0,0,0,0,1,1,1,1,0,0,1,0,1,50,0
0,1,1,0,1,0,0,1,1,1,1,0,0,1,0,2,50,0
0,1,1,0,1,0,1,1,1,1,1,0,0,1,0,3,50,0
0,1,1,0,1,0,1,1,1,1,1,0,0,1,1,4,50,0
0,1,1,0,1,1,1,1,1,1,1,0,0,1,1,5,50,0
0,1,1,0,1,1,1,1,1,0,1,0,0,1,1,6,50,0
0,1,1,0,1,1,1,1,0,0,1,0,0,1,1,7,50,0
0,1,1,1,1,1,1,1,0,0,1,0,0,1,1,8,50,0
0,1,0,1,1,1,1,1,0,0,1,0,0,1,1,9,50,0
0,1,0,1,1,1,1,1,1,0,1,0,0,1,1,10,50,1
0,1,0,1,1,1,1,1,1,0,1,0,0,1,1,11,50,1
0,1,0,1,1,1,1,1,1,0,1,0,0,1,1,12,50,1
0,1,0,1,1,1,1,1,1,0,1,0,0,1,1,13,50,1
0,1,0,1,1,1,1,1,1,0,1,0,0,1,1,14,50,1
0,1,0,1,1,1,1,1,1,0,1,0,0,1,1,15,50,1
0,1,0,1,1,1,1,1,1,0,1,0,0,1,1,16,50,1
0,1,0,1,1,1,1,1,1,0,1,0,0,1,1,17,50,1
0,1,0,1,1,1,1,1,1,0,1,0,0,1,1,18,50,1
0,1,0,1,1,1,1,1,1,0,1,0,0,1,1,19,50,1
0,1,0,1,1,1,1,1,1,0,1,0,0,1,1,20,50,1
1,1,0,1,1,0,1,1,0,0,1,0,1,0,0,0,51,0
0,1,0,1,1,0,1,1,0,0,1,0,1,0,0,1,51,0
0,1,0,1,1,0,1,1,0,0,0,0,1,0,0,2,51,0
0,1,0,1,1,0,1,1,0,1,0,0,1,0,0,3,51,0
1,1,0,1,1,0,1,1,0,1,0,0,1,0,0,4,51,0
1,1,0,1,1,1,1,1,0,1,0,0,1,0,0,5,51,0
1,1,0,0,1,1,1,1,0,1,0,0,1,0,0,6,51,0
1,1,0,0,1,1,1,1,0,1,0,0,0,0,0,7,51,0
1,1,0,0,1,1,0,1,0,1,0,0,0,0,0,8,51,0
1,0,0,0,1,1,0,1,0,1,0,0,0,0,0,9,51,0
0,0,0,0,1,1,0,1,0,1,0,0,0,0,0,10,51,0
0,0,0,0,1,0,0,1,0,1,0,0,0,0,0,11,51,1
0,0,0,0,1,0,0,1,0,1,0,0,0,0,0,12,51,1
0,0,0,0,1,0,0,1,0,1,0,0,0,0,0,13,51,1
0,0,0,0,1,0,0,1,0,1,0,0,0,0,0,14,51,1
0,0,0,0,1,0,0,1,0,1,0,0,0,0,0,15,51,1
0,0,0,0,1,0,0,1,0,1,0,0,0,0,0,16,51,1
0,0,0,0,1,0,0,1,0,1,0,0,0,0,0,17,51,1
0,0,0,0,1,0,0,1,0,1,0,0,0,0,0,18,51,1
0,0,0,0,1,0,0,1,0,1,0,0,0,0,0,19,51,1
0,0,0,0,1,0,0,1,0,1,0,0,0,0,0,20,51,1
1,0,1,1,1,1,1,0,0,1,1,0,1,1,0,0,52,0
1,0,1,1,1,1,1,0,0,0,1,0,1,1,0,1,52,0
1,0,1,1,1,1,1,1,0,0,1,0,1,1,0,2,52,0
1,0,1,1,1,1,1,1,0,0,1,0,0,1,0,3,52,0
1,0,0,1,1,1,1,1,0,0,1,0,0,1,0,4,52,0
1,0,0,1,1,1,1,1,0,0,0,0,0,1,0,5,52,0
1,0,0,1,1,1,1,1,0,0,0,0,0,1,1,6,52,0
1,0,0,1,1,1,1,1,0,1,0,0,0,1,1,7,52,0
1,0,0,0,1,1,1,1,0,1,0,0,0,1,1,8,52,0
1,0,0,0,1,1,0,1,0,1,0,0,0,1,1,9,52,0
0,0,0,0,1,1,0,1,0,1,0,0,0,1,1,10,52,0
0,0,0,0,1,1,0,1,0,1,1,0,0,1,1,11,52,0
0,0,0,0,1,1,0,1,0,0,1,0,0,1,1,12,52,0
0,0,0,1,1,1,0,1,0,0,1,0,0,1,1,13,52,0
0,0,1,1,1,1,0,1,0,0,1,0,0,1,1,14,52,0
0,0,1,1,1,1,1,1,0,0,1,0,0,1,1,15,52,0
0,1,1,1,1,1,1,1,0,0,1,0,0,1,1,16,52,0
0,1,1,1,1,1,1,1,1,0,1,0,0,1,1,17,52,0
0,1,0,1,1,1,1,1,1,0,1,0,0,1,1,18,52,1
0,1,0,1,1,1,1,1,1,0,1,0,0,1,1,19,52,1
0,1,0,1,1,1,1,1,1,0,1,0,0,1,1,20,52,1
1,1,0,0,1,1,0,0,0,0,0,0,0,0,0,0,53,0
1,1,0,0,1,0,0,0,0,0,0,0,0,0,0,1,53,0
1,1,0,0,0,0,0,0,0,0,0,0,0,0,0,2,53,0
1,0,0,0,0,0,0,0,0,0,0,0,0,0,0,3,53,0
0,0,0,0,0,0,0,0,0,0,0,0,0,0,0,4,53,1
0,0,0,0,0,0,0,0,0,0,0,0,0,0,0,5,53,1
0,0,0,0,0,0,0,0,0,0,0,0,0,0,0,6,53,1
0,0,0,0,0,0,0,0,0,0,0,0,0,0,0,7,53,1
0,0,0,0,0,0,0,0,0,0,0,0,0,0,0,8,53,1
0,0,0,0,0,0,0,0,0,0,0,0,0,0,0,9,53,1
0,0,0,0,0,0,0,0,0,0,0,0,0,0,0,10,53,1
0,0,0,0,0,0,0,0,0,0,0,0,0,0,0,11,53,1
0,0,0,0,0,0,0,0,0,0,0,0,0,0,0,12,53,1
0,0,0,0,0,0,0,0,0,0,0,0,0,0,0,13,53,1
0,0,0,0,0,0,0,0,0,0,0,0,0,0,0,14,53,1
0,0,0,0,0,0,0,0,0,0,0,0,0,0,0,15,53,1
0,0,0,0,0,0,0,0,0,0,0,0,0,0,0,16,53,1
0,0,0,0,0,0,0,0,0,0,0,0,0,0,0,17,53,1
0,0,0,0,0,0,0,0,0,0,0,0,0,0,0,18,53,1
0,0,0,0,0,0,0,0,0,0,0,0,0,0,0,19,53,1
0,0,0,0,0,0,0,0,0,0,0,0,0,0,0,20,53,1
0,0,1,1,0,1,0,0,1,0,1,1,1,1,0,0,54,0
0,0,1,1,0,1,0,0,1,0,1,1,1,1,1,1,54,0
0,0,1,1,0,1,0,1,1,0,1,1,1,1,1,2,54,0
0,0,1,1,1,1,0,1,1,0,1,1,1,1,1,3,54,1
0,0,1,1,1,1,0,1,1,0,1,1,1,1,1,4,54,1
0,0,1,1,1,1,0,1,1,0,1,1,1,1,1,5,54,1
0,0,1,1,1,1,0,1,1,0,1,1,1,1,1,6,54,1
0,0,1,1,1,1,0,1,1,0,1,1,1,1,1,7,54,1
0,0,1,1,1,1,0,1,1,0,1,1,1,1,1,8,54,1
0,0,1,1,1,1,0,1,1,0,1,1,1,1,1,9,54,1
0,0,1,1,1,1,0,1,1,0,1,1,1,1,1,10,54,1
0,0,1,1,1,1,0,1,1,0,1,1,1,1,1,11,54,1
0,0,1,1,1,1,0,1,1,0,1,1,1,1,1,12,54,1
0,0,1,1,1,1,0,1,1,0,1,1,1,1,1,13,54,1
0,0,1,1,1,1,0,1,1,0,1,1,1,1,1,14,54,1
0,0,1,1,1,1,0,1,1,0,1,1,1,1,1,15,54,1
0,0,1,1,1,1,0,1,1,0,1,1,1,1,1,16,54,1
0,0,1,1,1,1,0,1,1,0,1,1,1,1,1,17,54,1
0,0,1,1,1,1,0,1,1,0,1,1,1,1,1,18,54,1
0,0,1,1,1,1,0,1,1,0,1,1,1,1,1,19,54,1
0,0,1,1,1,1,0,1,1,0,1,1,1,1,1,20,54,1
0,0,1,1,0,0,1,1,0,1,1,1,1,0,1,0,55,0
0,0,1,1,0,0,1,1,1,1,1,1,1,0,1,1,55,0
0,0,1,1,0,0,1,1,1,0,1,1,1,0,1,2,55,0
0,0,0,1,0,0,1,1,1,0,1,1,1,0,1,3,55,0
0,1,0,1,0,0,1,1,1,0,1,1,1,0,1,4,55,0
0,1,0,1,1,0,1,1,1,0,1,1,1,0,1,5,55,0
0,1,0,1,1,0,0,1,1,0,1,1,1,0,1,6,55,0
0,1,0,1,1,1,0,1,1,0,1,1,1,0,1,7,55,0
0,0,0,1,1,1,0,1,1,0,1,1,1,0,1,8,55,0
0,0,0,1,1,1,0,1,1,0,1,1,1,0,0,9,55,0
0,0,0,1,1,1,0,1,1,0,0,1,1,0,0,10,55,0
0,0,0,0,1,1,0,1,1,0,0,1,1,0,0,11,55,0
0,0,0,0,1,1,0,1,0,0,0,1,1,0,0,12,55,0
0,0,0,0,1,0,0,1,0,0,0,1,1,0,0,13,55,0
0,0,0,0,1,0,0,1,0,1,0,1,1,0,0,14,55,0
1,0,0,0,1,0,0,1,0,1,0,1,1,0,0,15,55,1
1,0,0,0,1,0,0,1,0,1,0,1,1,0,0,16,55,1
1,0,0,0,1,0,0,1,0,1,0,1,1,0,0,17,55,1
1,0,0,0,1,0,0,1,0,1,0,1,1,0,0,18,55,1
1,0,0,0,1,0,0,1,0,1,0,1,1,0,0,19,55,1
1,0,0,0,1,0,0,1,0,1,0,1,1,0,0,20,55,1
1,0,1,1,1,1,0,0,0,1,1,0,0,0,0,0,56,0
1,0,1,0,1,1,0,0,0,1,1,0,0,0,0,1,56,0
1,1,1,0,1,1,0,0,0,1,1,0,0,0,0,2,56,0
1,1,1,0,1,1,1,0,0,1,1,0,0,0,0,3,56,0
1,1,1,0,1,1,1,0,0,1,0,0,0,0,0,4,56,0
1,1,1,0,1,1,1,1,0,1,0,0,0,0,0,5,56,0
0,1,1,0,1,1,1,1,0,1,0,0,0,0,0,6,56,0
0,1,0,0,1,1,1,1,0,1,0,0,0,0,0,7,56,0
0,1,0,0,1,1,0,1,0,1,0,0,0,0,0,8,56,0
0,0,0,0,1,1,0,1,0,1,0,0,0,0,0,9,56,0
0,0,0,0,1,0,0,1,0,1,0,0,0,0,0,10,56,1
0,0,0,0,1,0,0,1,0,1,0,0,0,0,0,11,56,1
0,0,0,0,1,0,0,1,0,1,0,0,0,0,0,12,56,1
0,0,0,0,1,0,0,1,0,1,0,0,0,0,0,13,56,1
0,0,0,0,1,0,0,1,0,1,0,0,0,0,0,14,56,1
0,0,0,0,1,0,0,1,0,1,0,0,0,0,0,15,56,1
0,0,0,0,1,0,0,1,0,1,0,0,0,0,0,16,56,1
0,0,0,0,1,0,0,1,0,1,0,0,0,0,0,17,56,1
0,0,0,0,1,0,0,1,0,1,0,0,0,0,0,18,56,1
0,0,0,0,1,0,0,1,0,1,0,0,0,0,0,19,56,1
0,0,0,0,1,0,0,1,0,1,0,0,0,0,0,20,56,1
1,0,0,0,0,1,1,0,0,0,1,0,1,1,0,0,57,0
1,0,0,0,0,1,1,0,0,0,1,0,1,1,1,1,57,0
1,1,0,0,0,1,1,0,0,0,1,0,1,1,1,2,57,0
1,1,0,0,0,1,1,0,0,0,1,0,0,1,1,3,57,0
1,1,0,0,0,1,1,1,0,0,1,0,0,1,1,4,57,0
1,1,0,1,0,1,1,1,0,0,1,0,0,1,1,5,57,0
1,1,0,1,1,1,1,1,0,0,1,0,0,1,1,6,57,0
1,1,0,1,1,1,1,1,1,0,1,0,0,1,1,7,57,0
0,1,0,1,1,1,1,1,1,0,1,0,0,1,1,8,57,1
0,1,0,1,1,1,1,1,1,0,1,0,0,1,1,9,57,1
0,1,0,1,1,1,1,1,1,0,1,0,0,1,1,10,57,1
0,1,0,1,1,1,1,1,1,0,1,0,0,1,1,11,57,1
0,1,0,1,1,1,1,1,1,0,1,0,0,1,1,12,57,1
0,1,0,1,1,1,1,1,1,0,1,0,0,1,1,13,57,1
0,1,0,1,1,1,1,1,1,0,1,0,0,1,1,14,57,1
0,1,0,1,1,1,1,1,1,0,1,0,0,1,1,15,57,1
0,1,0,1,1,1,1,1,1,0,1,0,0,1,1,16,57,1
0,1,0,1,1,1,1,1,1,0,1,0,0,1,1,17,57,1
0,1,0,1,1,1,1,1,1,0,1,0,0,1,1,18,57,1
0,1,0,1,1,1,1,1,1,0,1,0,0,1,1,19,57,1
0,1,0,1,1,1,1,1,1,0,1,0,0,1,1,20,57,1
1,1,1,0,0,1,1,0,1,0,0,0,1,0,0,0,58,0
1,1,1,0,1,1,1,0,1,0,0,0,1,0,0,1,58,0
1,1,0,0,1,1,1,0,1,0,0,0,1,0,0,2,58,0
1,1,0,0,1,1,0,0,1,0,0,0,1,0,0,3,58,0
1,1,0,0,1,1,0,0,0,0,0,0,1,0,0,4,58,0
1,0,0,0,1,1,0,0,0,0,0,0,1,0,0,5,58,0
1,0,0,0,1,1,0,0,0,0,0,0,0,0,0,6,58,0
0,0,0,0,1,1,0,0,0,0,0,0,0,0,0,7,58,0
0,0,0,0,0,1,0,0,0,0,0,0,0,0,0,8,58,0
0,0,0,0,0,0,0,0,0,0,0,0,0,0,0,9,58,1
0,0,0,0,0,0,0,0,0,0,0,0,0,0,0,10,58,1
0,0,0,0,0,0,0,0,0,0,0,0,0,0,0,11,58,1
0,0,0,0,0,0,0,0,0,0,0,0,0,0,0,12,58,1
0,0,0,0,0,0,0,0,0,0,0,0,0,0,0,13,58,1
0,0,0,0,0,0,0,0,0,0,0,0,0,0,0,14,58,1
0,0,0,0,0,0,0,0,0,0,0,0,0,0,0,15,58,1
0,0,0,0,0,0,0,0,0,0,0,0,0,0,0,16,58,1
0,0,0,0,0,0,0,0,0,0,0,0,0,0,0,17,58,1
0,0,0,0,0,0,0,0,0,0,0,0,0,0,0,18,58,1
0,0,0,0,0,0,0,0,0,0,0,0,0,0,0,19,58,1
0,0,0,0,0,0,0,0,0,0,0,0,0,0,0,20,58,1
1,0,0,1,1,1,0,0,1,1,0,1,1,1,1,0,59,0
1,0,0,1,1,1,0,0,1,0,0,1,1,1,1,1,59,0
1,0,0,0,1,1,0,0,1,0,0,1,1,1,1,2,59,0
1,0,0,0,1,1,0,1,1,0,0,1,1,1,1,3,59,0
1,0,0,0,1,1,0,1,0,0,0,1,1,1,1,4,59,0
1,0,0,0,1,0,0,1,0,0,0,1,1,1,1,5,59,0
1,0,0,0,1,0,0,1,0,0,1,1,1,1,1,6,59,0
0,0,0,0,1,0,0,1,0,0,1,1,1,1,1,7,59,0
0,0,0,1,1,0,0,1,0,0,1,1,1,1,1,8,59,0
0,0,0,1,1,0,0,0,0,0,1,1,1,1,1,9,59,0
0,0,0,1,0,0,0,0,0,0,1,1,1,1,1,10,59,0
0,0,0,1,0,1,0,0,0,0,1,1,1,1,1,11,59,0
0,0,1,1,0,1,0,0,0,0,1,1,1,1,1,12,59,0
0,0,1,1,0,1,0,0,1,0,1,1,1,1,1,13,59,0
0,0,1,1,0,1,0,1,1,0,1,1,1,1,1,14,59,0
0,0,1,1,1,1,0,1,1,0,1,1,1,1,1,15,59,1
0,0,1,1,1,1,0,1,1,0,1,1,1,1,1,16,59,1
0,0,1,1,1,1,0,1,1,0,1,1,1,1,1,17,59,1
0,0,1,1,1,1,0,1,1,0,1,1,1,1,1,18,59,1
0,0,1,1,1,1,0,1,1,0,1,1,1,1,1,19,59,1
0,0,1,1,1,1,0,1,1,0,1,1,1,1,1,20,59,1
0,1,1,0,0,0,1,1,0,0,0,0,1,0,1,0,60,0
0,1,1,0,0,0,0,1,0,0,0,0,1,0,1,1,60,0
1,1,1,0,0,0,0,1,0,0,0,0,1,0,1,2,60,0
1,1,1,0,0,1,0,1,0,0,0,0,1,0,1,3,60,0
1,1,0,0,0,1,0,1,0,0,0,0,1,0,1,4,60,0
1,1,0,0,0,1,0,1,0,0,0,0,0,0,1,5,60,0
0,1,0,0,0,1,0,1,0,0,0,0,0,0,1,6,60,0
0,1,0,0,0,1,0,1,0,0,0,0,0,0,0,7,60,0
0,1,0,0,0,1,0,0,0,0,0,0,0,0,0,8,60,0
0,0,0,0,0,1,0,0,0,0,0,0,0,0,0,9,60,0
0,0,0,0,0,0,0,0,0,0,0,0,0,0,0,10,60,1
0,0,0,0,0,0,0,0,0,0,0,0,0,0,0,11,60,1
0,0,0,0,0,0,0,0,0,0,0,0,0,0,0,12,60,1
0,0,0,0,0,0,0,0,0,0,0,0,0,0,0,13,60,1
0,0,0,0,0,0,0,0,0,0,0,0,0,0,0,14,60,1
0,0,0,0,0,0,0,0,0,0,0,0,0,0,0,15,60,1
0,0,0,0,0,0,0,0,0,0,0,0,0,0,0,16,60,1
0,0,0,0,0,0,0,0,0,0,0,0,0,0,0,17,60,1
0,0,0,0,0,0,0,0,0,0,0,0,0,0,0,18,60,1
0,0,0,0,0,0,0,0,0,0,0,0,0,0,0,19,60,1
0,0,0,0,0,0,0,0,0,0,0,0,0,0,0,20,60,1
1,1,0,1,1,0,1,1,1,0,0,0,0,1,1,0,61,0
1,1,0,1,1,1,1,1,1,0,0,0,0,1,1,1,61,0
1,1,0,0,1,1,1,1,1,0,0,0,0,1,1,2,61,0
1,1,0,0,1,1,0,1,1,0,0,0,0,1,1,3,61,0
1,1,1,0,1,1,0,1,1,0,0,0,0,1,1,4,61,0
1,0,1,0,1,1,0,1,1,0,0,0,0,1,1,5,61,0
1,0,1,0,1,1,0,1,0,0,0,0,0,1,1,6,61,0
1,0,0,0,1,1,0,1,0,0,0,0,0,1,1,7,61,0
1,0,0,0,1,1,0,1,0,0,1,0,0,1,1,8,61,0
1,0,0,1,1,1,0,1,0,0,1,0,0,1,1,9,61,0
1,0,1,1,1,1,0,1,0,0,1,0,0,1,1,10,61,0
1,0,1,1,1,1,0,1,1,0,1,0,0,1,1,11,61,0
1,0,1,1,1,1,1,1,1,0,1,0,0,1,1,12,61,0
1,0,0,1,1,1,1,1,1,0,1,0,0,1,1,13,61,0
1,1,0,1,1,1,1,1,1,0,1,0,0,1,1,14,61,0
0,1,0,1,1,1,1,1,1,0,1,0,0,1,1,15,61,1
0,1,0,1,1,1,1,1,1,0,1,0,0,1,1,16,61,1
0,1,0,1,1,1,1,1,1,0,1,0,0,1,1,17,61,1
0,1,0,1,1,1,1,1,1,0,1,0,0,1,1,18,61,1
0,1,0,1,1,1,1,1,1,0,1,0,0,1,1,19,61,1
0,1,0,1,1,1,1,1,1,0,1,0,0,1,1,20,61,1
0,0,0,0,0,0,1,0,0,0,0,0,0,1,1,0,62,0
0,1,0,0,0,0,1,0,0,0,0,0,0,1,1,1,62,0
0,1,0,0,0,0,1,0,0,1,0,0,0,1,1,2,62,0
0,1,0,0,0,0,1,0,0,1,1,0,0,1,1,3,62,0
0,1,0,0,0,0,1,1,0,1,1,0,0,1,1,4,62,0
0,1,0,0,0,0,1,1,0,0,1,0,0,1,1,5,62,0
0,1,0,1,0,0,1,1,0,0,1,0,0,1,1,6,62,0
0,1,0,1,1,0,1,1,0,0,1,0,0,1,1,7,62,0
0,1,0,1,1,0,1,1,1,0,1,0,0,1,1,8,62,0
0,1,0,1,1,1,1,1,1,0,1,0,0,1,1,9,62,1
0,1,0,1,1,1,1,1,1,0,1,0,0,1,1,10,62,1
0,1,0,1,1,1,1,1,1,0,1,0,0,1,1,11,62,1
0,1,0,1,1,1,1,1,1,0,1,0,0,1,1,12,62,1
0,1,0,1,1,1,1,1,1,0,1,0,0,1,1,13,62,1
0,1,0,1,1,1,1,1,1,0,1,0,0,1,1,14,62,1
0,1,0,1,1,1,1,1,1,0,1,0,0,1,1,15,62,1
0,1,0,1,1,1,1,1,1,0,1,0,0,1,1,16,62,1
0,1,0,1,1,1,1,1,1,0,1,0,0,1,1,17,62,1
0,1,0,1,1,1,1,1,1,0,1,0,0,1,1,18,62,1
0,1,0,1,1,1,1,1,1,0,1,0,0,1,1,19,62,1
0,1,0,1,1,1,1,1,1,0,1,0,0,1,1,20,62,1
1,1,1,1,0,1,1,1,0,0,1,0,0,0,1,0,63,0
1,1,1,1,0,1,1,1,1,0,1,0,0,0,1,1,63,0
1,1,1,1,0,1,1,1,1,0,1,0,0,0,0,2,63,0
1,1,1,1,0,1,1,1,1,0,0,0,0,0,0,3,63,0
1,1,1,1,1,1,1,1,1,0,0,0,0,0,0,4,63,0
0,1,1,1,1,1,1,1,1,0,0,0,0,0,0,5,63,0
0,1,1,1,1,1,0,1,1,0,0,0,0,0,0,6,63,0
0,0,1,1,1,1,0,1,1,0,0,0,0,0,0,7,63,0
0,0,1,0,1,1,0,1,1,0,0,0,0,0,0,8,63,0
0,0,1,0,1,1,0,1,0,0,0,0,0,0,0,9,63,0
0,0,1,0,1,1,0,1,0,1,0,0,0,0,0,10,63,0
0,0,0,0,1,1,0,1,0,1,0,0,0,0,0,11,63,0
0,0,0,0,1,0,0,1,0,1,0,0,0,0,0,12,63,1
0,0,0,0,1,0,0,1,0,1,0,0,0,0,0,13,63,1
0,0,0,0,1,0,0,1,0,1,0,0,0,0,0,14,63,1
0,0,0,0,1,0,0,1,0,1,0,0,0,0,0,15,63,1
0,0,0,0,1,0,0,1,0,1,0,0,0,0,0,16,63,1
0,0,0,0,1,0,0,1,0,1,0,0,0,0,0,17,63,1
0,0,0,0,1,0,0,1,0,1,0,0,0,0,0,18,63,1
0,0,0,0,1,0,0,1,0,1,0,0,0,0,0,19,63,1
0,0,0,0,1,0,0,1,0,1,0,0,0,0,0,20,63,1
1,0,0,1,0,0,0,1,0,1,0,0,1,1,1,0,64,0
1,0,0,1,0,0,0,1,0,1,0,0,0,1,1,1,64,0
1,0,1,1,0,0,0,1,0,1,0,0,0,1,1,2,64,0
1,0,1,1,0,0,0,1,0,1,1,0,0,1,1,3,64,0
1,0,1,1,0,0,0,1,1,1,1,0,0,1,1,4,64,0
0,0,1,1,0,0,0,1,1,1,1,0,0,1,1,5,64,0
0,0,1,1,0,0,0,1,1,0,1,0,0,1,1,6,64,0
0,0,1,1,0,1,0,1,1,0,1,0,0,1,1,7,64,0
0,1,1,1,0,1,0,1,1,0,1,0,0,1,1,8,64,0
0,1,1,1,1,1,0,1,1,0,1,0,0,1,1,9,64,0
0,1,1,1,1,1,1,1,1,0,1,0,0,1,1,10,64,0
0,1,0,1,1,1,1,1,1,0,1,0,0,1,1,11,64,1
0,1,0,1,1,1,1,1,1,0,1,0,0,1,1,12,64,1
0,1,0,1,1,1,1,1,1,0,1,0,0,1,1,13,64,1
0,1,0,1,1,1,1,1,1,0,1,0,0,1,1,14,64,1
0,1,0,1,1,1,1,1,1,0,1,0,0,1,1,15,64,1
0,1,0,1,1,1,1,1,1,0,1,0,0,1,1,16,64,1
0,1,0,1,1,1,1,1,1,0,1,0,0,1,1,17,64,1
0,1,0,1,1,1,1,1,1,0,1,0,0,1,1,18,64,1
0,1,0,1,1,1,1,1,1,0,1,0,0,1,1,19,64,1
0,1,0,1,1,1,1,1,1,0,1,0,0,1,1,20,64,1
1,1,1,0,1,0,1,0,0,0,1,0,1,0,1,0,65,0
1,1,1,0,1,0,1,1,0,0,1,0,1,0,1,1,65,0
1,1,1,1,1,0,1,1,0,0,1,0,1,0,1,2,65,0
0,1,1,1,1,0,1,1,0,0,1,0,1,0,1,3,65,0
0,1,0,1,1,0,1,1,0,0,1,0,1,0,1,4,65,0
0,1,0,1,1,1,1,1,0,0,1,0,1,0,1,5,65,0
0,1,0,1,1,1,1,1,0,0,1,0,0,0,1,6,65,0
0,1,0,1,1,1,1,1,0,0,1,0,0,0,0,7,65,0
0,1,0,1,1,1,1,1,1,0,1,0,0,0,0,8,65,0
0,1,0,1,1,1,1,1,1,0,0,0,0,0,0,9,65,0
0,1,0,0,1,1,1,1,1,0,0,0,0,0,0,10,65,0
0,1,0,0,1,1,0,1,1,0,0,0,0,0,0,11,65,0
0,0,0,0,1,1,0,1,1,0,0,0,0,0,0,12,65,0
0,0,1,0,1,1,0,1,1,0,0,0,0,0,0,13,65,0
0,0,1,0,1,1,0,1,0,0,0,0,0,0,0,14,65,0
0,0,1,0,1,1,0,1,0,1,0,0,0,0,0,15,65,0
0,0,0,0,1,1,0,1,0,1,0,0,0,0,0,16,65,0
0,0,0,0,1,0,0,1,0,1,0,0,0,0,0,17,65,1
0,0,0,0,1,0,0,1,0,1,0,0,0,0,0,18,65,1
0,0,0,0,1,0,0,1,0,1,0,0,0,0,0,19,65,1
0,0,0,0,1,0,0,1,0,1,0,0,0,0,0,20,65,1
0,1,1,0,1,1,1,0,0,0,1,0,0,1,1,0,66,0
0,1,1,1,1,1,1,0,0,0,1,0,0,1,1,1,66,0
0,1,1,1,1,1,1,1,0,0,1,0,0,1,1,2,66,0
0,1,0,1,1,1,1,1,0,0,1,0,0,1,1,3,66,0
0,1,0,1,1,1,1,1,1,0,1,0,0,1,1,4,66,1
0,1,0,1,1,1,1,1,1,0,1,0,0,1,1,5,66,1
0,1,0,1,1,1,1,1,1,0,1,0,0,1,1,6,66,1
0,1,0,1,1,1,1,1,1,0,1,0,0,1,1,7,66,1
0,1,0,1,1,1,1,1,1,0,1,0,0,1,1,8,66,1
0,1,0,1,1,1,1,1,1,0,1,0,0,1,1,9,66,1
0,1,0,1,1,1,1,1,1,0,1,0,0,1,1,10,66,1
0,1,0,1,1,1,1,1,1,0,1,0,0,1,1,11,66,1
0,1,0,1,1,1,1,1,1,0,1,0,0,1,1,12,66,1
0,1,0,1,1,1,1,1,1,0,1,0,0,1,1,13,66,1
0,1,0,1,1,1,1,1,1,0,1,0,0,1,1,14,66,1
0,1,0,1,1,1,1,1,1,0,1,0,0,1,1,15,66,1
0,1,0,1,1,1,1,1,1,0,1,0,0,1,1,16,66,1
0,1,0,1,1,1,1,1,1,0,1,0,0,1,1,17,66,1
0,1,0,1,1,1,1,1,1,0,1,0,0,1,1,18,66,1
0,1,0,1,1,1,1,1,1,0,1,0,0,1,1,19,66,1
0,1,0,1,1,1,1,1,1,0,1,0,0,1,1,20,66,1
0,1,1,1,1,1,1,1,0,1,1,0,1,1,0,0,67,0
0,1,1,1,1,1,1,1,0,1,1,0,0,1,0,1,67,0
0,1,1,1,1,1,1,1,1,1,1,0,0,1,0,2,67,0
0,1,1,1,1,1,1,1,1,0,1,0,0,1,0,3,67,0
0,1,1,1,1,1,1,1,1,0,1,0,0,1,1,4,67,0
0,1,0,1,1,1,1,1,1,0,1,0,0,1,1,5,67,1
0,1,0,1,1,1,1,1,1,0,1,0,0,1,1,6,67,1
0,1,0,1,1,1,1,1,1,0,1,0,0,1,1,7,67,1
0,1,0,1,1,1,1,1,1,0,1,0,0,1,1,8,67,1
0,1,0,1,1,1,1,1,1,0,1,0,0,1,1,9,67,1
0,1,0,1,1,1,1,1,1,0,1,0,0,1,1,10,67,1
0,1,0,1,1,1,1,1,1,0,1,0,0,1,1,11,67,1
0,1,0,1,1,1,1,1,1,0,1,0,0,1,1,12,67,1
0,1,0,1,1,1,1,1,1,0,1,0,0,1,1,13,67,1
0,1,0,1,1,1,1,1,1,0,1,0,0,1,1,14,67,1
0,1,0,1,1,1,1,1,1,0,1,0,0,1,1,15,67,1
0,1,0,1,1,1,1,1,1,0,1,0,0,1,1,16,67,1
0,1,0,1,1,1,1,1,1,0,1,0,0,1,1,17,67,1
0,1,0,1,1,1,1,1,1,0,1,0,0,1,1,18,67,1
0,1,0,1,1,1,1,1,1,0,1,0,0,1,1,19,67,1
0,1,0,1,1,1,1,1,1,0,1,0,0,1,1,20,67,1
1,0,1,0,1,0,1,1,0,1,1,1,1,0,1,0,68,0
1,1,1,0,1,0,1,1,0,1,1,1,1,0,1,1,68,0
0,1,1,0,1,0,1,1,0,1,1,1,1,0,1,2,68,0
0,1,1,1,1,0,1,1,0,1,1,1,1,0,1,3,68,0
0,1,1,1,1,0,1,1,0,1,1,1,1,0,0,4,68,0
0,1,1,1,1,0,1,1,0,0,1,1,1,0,0,5,68,0
0,1,1,1,1,1,1,1,0,0,1,1,1,0,0,6,68,0
0,1,1,0,1,1,1,1,0,0,1,1,1,0,0,7,68,0
0,1,1,0,1,1,1,1,0,0,0,1,1,0,0,8,68,0
1,1,1,0,1,1,1,1,0,0,0,1,1,0,0,9,68,0
1,1,1,0,1,1,1,1,0,1,0,1,1,0,0,10,68,0
1,1,1,0,1,1,0,1,0,1,0,1,1,0,0,11,68,0
1,1,0,0,1,1,0,1,0,1,0,1,1,0,0,12,68,0
1,1,0,0,1,0,0,1,0,1,0,1,1,0,0,13,68,0
1,0,0,0,1,0,0,1,0,1,0,1,1,0,0,14,68,1
1,0,0,0,1,0,0,1,0,1,0,1,1,0,0,15,68,1
1,0,0,0,1,0,0,1,0,1,0,1,1,0,0,16,68,1
1,0,0,0,1,0,0,1,0,1,0,1,1,0,0,17,68,1
1,0,0,0,1,0,0,1,0,1,0,1,1,0,0,18,68,1
1,0,0,0,1,0,0,1,0,1,0,1,1,0,0,19,68,1
1,0,0,0,1,0,0,1,0,1,0,1,1,0,0,20,68,1
1,1,1,0,1,0,1,0,1,1,0,0,0,1,1,0,69,0
1,1,1,0,1,0,1,0,0,1,0,0,0,1,1,1,69,0
1,1,1,0,1,0,0,0,0,1,0,0,0,1,1,2,69,0
1,0,1,0,1,0,0,0,0,1,0,0,0,1,1,3,69,0
1,0,1,0,1,0,0,0,0,1,1,0,0,1,1,4,69,0
1,0,1,0,1,0,0,0,0,0,1,0,0,1,1,5,69,0
1,0,1,0,1,1,0,0,0,0,1,0,0,1,1,6,69,0
1,0,1,1,1,1,0,0,0,0,1,0,0,1,1,7,69,0
0,0,1,1,1,1,0,0,0,0,1,0,0,1,1,8,69,0
0,0,1,1,1,1,0,1,0,0,1,0,0,1,1,9,69,0
0,0,1,1,1,1,0,1,1,0,1,0,0,1,1,10,69,0
0,0,1,1,1,1,1,1,1,0,1,0,0,1,1,11,69,0
0,0,0,1,1,1,1,1,1,0,1,0,0,1,1,12,69,0
0,1,0,1,1,1,1,1,1,0,1,0,0,1,1,13,69,1
0,1,0,1,1,1,1,1,1,0,1,0,0,1,1,14,69,1
0,1,0,1,1,1,1,1,1,0,1,0,0,1,1,15,69,1
0,1,0,1,1,1,1,1,1,0,1,0,0,1,1,16,69,1
0,1,0,1,1,1,1,1,1,0,1,0,0,1,1,17,69,1
0,1,0,1,1,1,1,1,1,0,1,0,0,1,1,18,69,1
0,1,0,1,1,1,1,1,1,0,1,0,0,1,1,19,69,1
0,1,0,1,1,1,1,1,1,0,1,0,0,1,1,20,69,1
